[08set2026 17:20:21.646] [main/INFO] [cpw.mods.modlauncher.Launcher/MODLAUNCHER]: ModLauncher running: args [--launchTarget, forgeclientuserdev, --version, 21.1.65, --assetIndex, 17, --assetsDir, C:\\Users\\danie\\.gradle\\caches\\neoformruntime\\assets, --gameDir, ., --fml.neoForgeVersion, 21.1.65, --fml.fmlVersion, 4.0.24, --fml.mcVersion, 1.21.1, --fml.neoFormVersion, 20240808.144430]
[08set2026 17:20:21.649] [main/INFO] [cpw.mods.modlauncher.Launcher/MODLAUNCHER]: JVM identified as Eclipse Adoptium OpenJDK 64-Bit Server VM 21.0.12.1+1-LTS
[08set2026 17:20:21.650] [main/INFO] [cpw.mods.modlauncher.Launcher/MODLAUNCHER]: ModLauncher 11.0.4+main.d2e20e43 starting: java version 21.0.12.1 by Eclipse Adoptium; OS Windows 11 arch amd64 version 10.0
[08set2026 17:20:21.676] [main/DEBUG] [cpw.mods.modlauncher.LaunchServiceHandler/MODLAUNCHER]: Found launch services [minecraft,forgeclient,forgedatauserdev,testharness,forgeserverdev,forgeserveruserdev,forgejunitdev,forgeclientdev,forgeclientuserdev,forgeserver,forgejunituserdev,forgedatadev]
[08set2026 17:20:21.700] [main/DEBUG] [cpw.mods.modlauncher.LaunchPluginHandler/MODLAUNCHER]: Found launch plugins: [mixin,slf4jfixer,runtime_enum_extender,accesstransformer,runtimedistcleaner]
[08set2026 17:20:21.715] [main/DEBUG] [cpw.mods.modlauncher.TransformationServicesHandler/MODLAUNCHER]: Discovering transformation services
[08set2026 17:20:21.719] [main/DEBUG] [net.neoforged.fml.loading.FMLPaths/CORE]: Path GAMEDIR is C:\Users\danie\MCreatorWorkspaces\extraindeco\run
[08set2026 17:20:21.720] [main/DEBUG] [net.neoforged.fml.loading.FMLPaths/CORE]: Path MODSDIR is C:\Users\danie\MCreatorWorkspaces\extraindeco\run\mods
[08set2026 17:20:21.720] [main/DEBUG] [net.neoforged.fml.loading.FMLPaths/CORE]: Path CONFIGDIR is C:\Users\danie\MCreatorWorkspaces\extraindeco\run\config
[08set2026 17:20:21.720] [main/DEBUG] [net.neoforged.fml.loading.FMLPaths/CORE]: Path FMLCONFIG is C:\Users\danie\MCreatorWorkspaces\extraindeco\run\config\fml.toml
[08set2026 17:20:21.772] [main/DEBUG] [net.neoforged.fml.loading.targets.CommonLaunchHandler/CORE]: Got mod coordinates testproject%%C:\Users\danie\MCreatorWorkspaces\extraindeco\build\classes\java\main;testproject%%C:\Users\danie\MCreatorWorkspaces\extraindeco\build\resources\main from env
[08set2026 17:20:21.773] [main/DEBUG] [net.neoforged.fml.loading.targets.CommonLaunchHandler/CORE]: Found supplied mod coordinates [{testproject=[C:\Users\danie\MCreatorWorkspaces\extraindeco\build\classes\java\main, C:\Users\danie\MCreatorWorkspaces\extraindeco\build\resources\main]}]
[08set2026 17:20:21.776] [main/DEBUG] [cpw.mods.modlauncher.TransformationServicesHandler/MODLAUNCHER]: Found additional transformation services from discovery services: 
[08set2026 17:20:21.783] [main/INFO] [net.neoforged.fml.loading.ImmediateWindowHandler/]: Loading ImmediateWindowProvider fmlearlywindow
[08set2026 17:20:21.895] [main/INFO] [EARLYDISPLAY/]: Trying GL version 4.6
[08set2026 17:20:22.113] [main/INFO] [EARLYDISPLAY/]: Requested GL version 4.6 got version 4.6
[08set2026 17:20:22.182] [main/DEBUG] [cpw.mods.modlauncher.TransformationServicesHandler/MODLAUNCHER]: Found transformer services : [mixin,fml]
[08set2026 17:20:22.183] [main/DEBUG] [cpw.mods.modlauncher.TransformationServicesHandler/MODLAUNCHER]: Transformation services loading
[08set2026 17:20:22.183] [main/DEBUG] [cpw.mods.modlauncher.TransformationServiceDecorator/MODLAUNCHER]: Loading service mixin
[08set2026 17:20:22.184] [main/DEBUG] [cpw.mods.modlauncher.TransformationServiceDecorator/MODLAUNCHER]: Loaded service mixin
[08set2026 17:20:22.184] [main/DEBUG] [cpw.mods.modlauncher.TransformationServiceDecorator/MODLAUNCHER]: Loading service fml
[08set2026 17:20:22.185] [main/DEBUG] [net.neoforged.fml.loading.FMLLoader/CORE]: FML 4.0.24 loading
[08set2026 17:20:22.185] [main/DEBUG] [net.neoforged.fml.loading.FMLLoader/CORE]: FML found ModLauncher version : 11.0.4+main.d2e20e43
[08set2026 17:20:22.186] [main/DEBUG] [net.neoforged.fml.loading.FMLLoader/CORE]: FML found AccessTransformer version : 10.0.1+139da711
[08set2026 17:20:22.186] [main/DEBUG] [net.neoforged.fml.loading.FMLLoader/CORE]: FML found EventBus version : null
[08set2026 17:20:22.187] [main/DEBUG] [net.neoforged.fml.loading.FMLLoader/CORE]: Found Runtime Dist Cleaner
[08set2026 17:20:22.187] [main/DEBUG] [cpw.mods.modlauncher.TransformationServiceDecorator/MODLAUNCHER]: Loaded service fml
[08set2026 17:20:22.188] [main/DEBUG] [cpw.mods.modlauncher.TransformationServicesHandler/MODLAUNCHER]: Configuring option handling for services
[08set2026 17:20:22.204] [main/DEBUG] [net.neoforged.fml.loading.FMLServiceProvider/CORE]: Received command line version data  : VersionInfo[neoForgeVersion=21.1.65, fmlVersion=4.0.24, mcVersion=1.21.1, neoFormVersion=20240808.144430]
[08set2026 17:20:22.204] [main/DEBUG] [cpw.mods.modlauncher.TransformationServicesHandler/MODLAUNCHER]: Transformation services initializing
[08set2026 17:20:22.205] [main/DEBUG] [cpw.mods.modlauncher.TransformationServiceDecorator/MODLAUNCHER]: Initializing transformation service mixin
[08set2026 17:20:22.220] [main/DEBUG] [mixin/]: MixinService [ModLauncher] was successfully booted in cpw.mods.cl.ModuleClassLoader@43738a82
[08set2026 17:20:22.238] [main/INFO] [mixin/]: SpongePowered MIXIN Subsystem Version=0.8.7 Source=union:/C:/Users/danie/.gradle/caches/modules-2/files-2.1/net.fabricmc/sponge-mixin/0.15.2+mixin.0.8.7/2af2f021d8e02a0220dc27a7a72b4666d66d44ca/sponge-mixin-0.15.2+mixin.0.8.7.jar%23131!/ Service=ModLauncher Env=CLIENT
[08set2026 17:20:22.242] [main/DEBUG] [mixin/]: Initialising Mixin Platform Manager
[08set2026 17:20:22.242] [main/DEBUG] [mixin/]: Adding mixin platform agents for container ModLauncher Root Container(ModLauncher:4f56a0a2)
[08set2026 17:20:22.243] [main/DEBUG] [mixin/]: Instancing new MixinPlatformAgentMinecraftForge for ModLauncher Root Container(ModLauncher:4f56a0a2)
[08set2026 17:20:22.243] [main/DEBUG] [mixin/]: MixinPlatformAgentMinecraftForge rejected container ModLauncher Root Container(ModLauncher:4f56a0a2)
[08set2026 17:20:22.244] [main/DEBUG] [mixin/]: Instancing new MixinPlatformAgentDefault for ModLauncher Root Container(ModLauncher:4f56a0a2)
[08set2026 17:20:22.244] [main/DEBUG] [mixin/]: MixinPlatformAgentDefault accepted container ModLauncher Root Container(ModLauncher:4f56a0a2)
[08set2026 17:20:22.245] [main/DEBUG] [cpw.mods.modlauncher.TransformationServiceDecorator/MODLAUNCHER]: Initialized transformation service mixin
[08set2026 17:20:22.246] [main/DEBUG] [cpw.mods.modlauncher.TransformationServiceDecorator/MODLAUNCHER]: Initializing transformation service fml
[08set2026 17:20:22.246] [main/DEBUG] [net.neoforged.fml.loading.FMLServiceProvider/CORE]: Setting up basic FML game directories
[08set2026 17:20:22.247] [main/DEBUG] [net.neoforged.fml.loading.FMLPaths/CORE]: Path GAMEDIR is C:\Users\danie\MCreatorWorkspaces\extraindeco\run
[08set2026 17:20:22.247] [main/DEBUG] [net.neoforged.fml.loading.FMLPaths/CORE]: Path MODSDIR is C:\Users\danie\MCreatorWorkspaces\extraindeco\run\mods
[08set2026 17:20:22.248] [main/DEBUG] [net.neoforged.fml.loading.FMLPaths/CORE]: Path CONFIGDIR is C:\Users\danie\MCreatorWorkspaces\extraindeco\run\config
[08set2026 17:20:22.248] [main/DEBUG] [net.neoforged.fml.loading.FMLPaths/CORE]: Path FMLCONFIG is C:\Users\danie\MCreatorWorkspaces\extraindeco\run\config\fml.toml
[08set2026 17:20:22.248] [main/DEBUG] [net.neoforged.fml.loading.FMLServiceProvider/CORE]: Loading configuration
[08set2026 17:20:22.253] [main/DEBUG] [net.neoforged.fml.loading.FMLServiceProvider/CORE]: Preparing launch handler
[08set2026 17:20:22.254] [main/DEBUG] [net.neoforged.fml.loading.FMLLoader/CORE]: Using forgeclientuserdev as launch service
[08set2026 17:20:22.256] [main/DEBUG] [cpw.mods.modlauncher.TransformationServiceDecorator/MODLAUNCHER]: Initialized transformation service fml
[08set2026 17:20:22.256] [main/DEBUG] [cpw.mods.modlauncher.TransformationServicesHandler/MODLAUNCHER]: Transformation services begin scanning
[08set2026 17:20:22.257] [main/DEBUG] [cpw.mods.modlauncher.TransformationServiceDecorator/MODLAUNCHER]: Beginning scan trigger - transformation service mixin
[08set2026 17:20:22.258] [main/DEBUG] [cpw.mods.modlauncher.TransformationServiceDecorator/MODLAUNCHER]: End scan trigger - transformation service mixin
[08set2026 17:20:22.258] [main/DEBUG] [cpw.mods.modlauncher.TransformationServiceDecorator/MODLAUNCHER]: Beginning scan trigger - transformation service fml
[08set2026 17:20:22.258] [main/DEBUG] [net.neoforged.fml.loading.FMLServiceProvider/CORE]: Initiating mod scan
[08set2026 17:20:22.260] [main/DEBUG] [net.neoforged.fml.loading.targets.CommonLaunchHandler/CORE]: Got mod coordinates testproject%%C:\Users\danie\MCreatorWorkspaces\extraindeco\build\classes\java\main;testproject%%C:\Users\danie\MCreatorWorkspaces\extraindeco\build\resources\main from env
[08set2026 17:20:22.260] [main/DEBUG] [net.neoforged.fml.loading.targets.CommonLaunchHandler/CORE]: Found supplied mod coordinates [{testproject=[C:\Users\danie\MCreatorWorkspaces\extraindeco\build\classes\java\main, C:\Users\danie\MCreatorWorkspaces\extraindeco\build\resources\main]}]
[08set2026 17:20:22.276] [main/DEBUG] [net.neoforged.fml.util.ServiceLoaderUtil/CORE]: Found 4 implementations of IModFileCandidateLocator:
[08set2026 17:20:22.294] [main/DEBUG] [net.neoforged.fml.util.ServiceLoaderUtil/CORE]: 	       0 - [built-in] net.neoforged.fml.loading.moddiscovery.locators.NeoForgeDevProvider from loader-4.0.24.jar
[08set2026 17:20:22.294] [main/DEBUG] [net.neoforged.fml.util.ServiceLoaderUtil/CORE]: 	       0 - net.neoforged.fml.loading.moddiscovery.locators.ModsFolderLocator from loader-4.0.24.jar
[08set2026 17:20:22.295] [main/DEBUG] [net.neoforged.fml.util.ServiceLoaderUtil/CORE]: 	       0 - net.neoforged.fml.loading.moddiscovery.locators.MavenDirectoryLocator from loader-4.0.24.jar
[08set2026 17:20:22.295] [main/DEBUG] [net.neoforged.fml.util.ServiceLoaderUtil/CORE]: 	   -1000 - [built-in] net.neoforged.fml.loading.moddiscovery.locators.UserdevLocator from loader-4.0.24.jar
[08set2026 17:20:22.298] [main/DEBUG] [net.neoforged.fml.util.ServiceLoaderUtil/CORE]: Found 2 implementations of IModFileReader:
[08set2026 17:20:22.298] [main/DEBUG] [net.neoforged.fml.util.ServiceLoaderUtil/CORE]: 	       0 - net.neoforged.fml.loading.moddiscovery.readers.JarModsDotTomlModFileReader from loader-4.0.24.jar
[08set2026 17:20:22.298] [main/DEBUG] [net.neoforged.fml.util.ServiceLoaderUtil/CORE]: 	   -1000 - net.neoforged.fml.loading.moddiscovery.readers.NestedLibraryModReader from loader-4.0.24.jar
[08set2026 17:20:22.299] [main/DEBUG] [net.neoforged.fml.util.ServiceLoaderUtil/CORE]: Found 1 implementations of IDependencyLocator:
[08set2026 17:20:22.300] [main/DEBUG] [net.neoforged.fml.util.ServiceLoaderUtil/CORE]: 	       0 - net.neoforged.fml.loading.moddiscovery.locators.JarInJarDependencyLocator from loader-4.0.24.jar
[08set2026 17:20:22.361] [main/DEBUG] [net.neoforged.fml.loading.moddiscovery.ModFileInfo/LOADING]: Found valid mod file neoforge-21.1.65-minecraft-merged.jar with {minecraft} mods - versions {1.21.1}
[08set2026 17:20:22.365] [pool-2-thread-1/INFO] [EARLYDISPLAY/]: GL info: NVIDIA GeForce RTX 3060/PCIe/SSE2 GL version 4.6.0 NVIDIA 610.47, NVIDIA Corporation
[08set2026 17:20:22.371] [main/DEBUG] [net.neoforged.fml.loading.moddiscovery.ModFileParser/LOADING]: Considering mod file candidate C:\Users\danie\MCreatorWorkspaces\extraindeco\build\moddev\artifacts\neoforge-21.1.65-minecraft-merged.jar
[08set2026 17:20:22.381] [main/DEBUG] [net.neoforged.fml.loading.moddiscovery.ModFileInfo/LOADING]: Found valid mod file neoforge-21.1.65-minecraft-merged.jar with {neoforge} mods - versions {21.1.65}
[08set2026 17:20:22.385] [main/DEBUG] [net.neoforged.fml.loading.moddiscovery.ModListHandler/CORE]: Found mod coordinates from lists: []
[08set2026 17:20:22.388] [main/DEBUG] [net.neoforged.fml.loading.moddiscovery.ModFileParser/LOADING]: Considering mod file candidate C:\Users\danie\MCreatorWorkspaces\extraindeco\build\classes\java\main
[08set2026 17:20:22.393] [main/DEBUG] [net.neoforged.fml.loading.moddiscovery.ModFileInfo/LOADING]: Found valid mod file main with {extraindeco} mods - versions {1.0.0}
[08set2026 17:20:22.405] [main/DEBUG] [net.neoforged.fml.loading.moddiscovery.ModFileParser/LOADING]: Considering mod file candidate C:\Users\danie\MCreatorWorkspaces\extraindeco\build\moddev\artifacts\neoforge-21.1.65-minecraft-merged.jar
[08set2026 17:20:22.407] [main/DEBUG] [net.neoforged.fml.loading.moddiscovery.ModFileInfo/LOADING]: Found valid mod file neoforge-21.1.65-minecraft-merged.jar with {neoforge} mods - versions {21.1.65}
[08set2026 17:20:22.436] [main/DEBUG] [net.neoforged.fml.loading.moddiscovery.ModDiscoverer/]: Skipping C:\Users\danie\.gradle\caches\modules-2\files-2.1\net.neoforged.fancymodloader\earlydisplay\4.0.24\c1f79ceaefcb4c79dea89e969563718a2d5157f\earlydisplay-4.0.24.jar because it was already located earlier
[08set2026 17:20:22.436] [main/DEBUG] [net.neoforged.fml.loading.moddiscovery.ModDiscoverer/]: Skipping C:\Users\danie\.gradle\caches\modules-2\files-2.1\net.neoforged.fancymodloader\loader\4.0.24\8211b356d57387a287aa3fb1d425fdd34db6d638\loader-4.0.24.jar because it was already located earlier
[08set2026 17:20:22.437] [main/DEBUG] [net.neoforged.fml.loading.moddiscovery.ModDiscoverer/]: Skipping C:\Users\danie\.gradle\caches\modules-2\files-2.1\net.neoforged\coremods\7.0.3\9147e6f638b4272b3bd5fc8f92ad37802512c6c\coremods-7.0.3.jar because it was already located earlier
[08set2026 17:20:22.437] [main/DEBUG] [net.neoforged.fml.loading.moddiscovery.ModDiscoverer/]: Skipping C:\Users\danie\.gradle\caches\modules-2\files-2.1\cpw.mods\modlauncher\11.0.4\6619d4812a3c092310d521ebc4c9503727563df7\modlauncher-11.0.4.jar because it was already located earlier
[08set2026 17:20:22.437] [main/DEBUG] [net.neoforged.fml.loading.moddiscovery.ModDiscoverer/]: Skipping C:\Users\danie\.gradle\caches\modules-2\files-2.1\net.neoforged.accesstransformers\at-modlauncher\10.0.1\5aba50202aceead086bc09fbc2751c9f05cb4890\at-modlauncher-10.0.1.jar because it was already located earlier
[08set2026 17:20:22.437] [main/DEBUG] [net.neoforged.fml.loading.moddiscovery.ModDiscoverer/]: Skipping C:\Users\danie\.gradle\caches\modules-2\files-2.1\net.neoforged\accesstransformers\10.0.1\fd83b5725f76eae9115e9355fa1c456a6a441400\accesstransformers-10.0.1.jar because it was already located earlier
[08set2026 17:20:22.437] [main/DEBUG] [net.neoforged.fml.loading.moddiscovery.ModDiscoverer/]: Skipping C:\Users\danie\.gradle\caches\modules-2\files-2.1\org.openjdk.nashorn\nashorn-core\15.4\f67f5ffaa5f5130cf6fb9b133da00c7df3b532a5\nashorn-core-15.4.jar because it was already located earlier
[08set2026 17:20:22.437] [main/DEBUG] [net.neoforged.fml.loading.moddiscovery.ModDiscoverer/]: Skipping C:\Users\danie\.gradle\caches\modules-2\files-2.1\net.neoforged\mergetool\2.0.3\1275202cbbb248f49345cf6787ce299afd9a02fb\mergetool-2.0.3-api.jar because it was already located earlier
[08set2026 17:20:22.437] [main/DEBUG] [net.neoforged.fml.loading.moddiscovery.ModDiscoverer/]: Skipping C:\Users\danie\.gradle\caches\modules-2\files-2.1\net.neoforged\bus\8.0.2\163c9ef7c4bcca6d850c34e95261b606af91fe06\bus-8.0.2.jar because it was already located earlier
[08set2026 17:20:22.438] [main/DEBUG] [net.neoforged.fml.loading.moddiscovery.ModDiscoverer/]: Skipping C:\Users\danie\.gradle\caches\modules-2\files-2.1\com.electronwill.night-config\toml\3.8.0\861dbcf2757dd6701c98b3949198549ccb5f62ff\toml-3.8.0.jar because it was already located earlier
[08set2026 17:20:22.438] [main/DEBUG] [net.neoforged.fml.loading.moddiscovery.ModDiscoverer/]: Skipping C:\Users\danie\.gradle\caches\modules-2\files-2.1\com.electronwill.night-config\core\3.8.0\2498dd2b3120dd49e963e2feab8fa5d0c5f80e0a\core-3.8.0.jar because it was already located earlier
[08set2026 17:20:22.438] [main/DEBUG] [net.neoforged.fml.loading.moddiscovery.ModDiscoverer/]: Skipping C:\Users\danie\.gradle\caches\modules-2\files-2.1\net.neoforged\JarJarSelector\0.4.1\fb3cc7a58af22ad2880adb98af6d518128c47dae\JarJarSelector-0.4.1.jar because it was already located earlier
[08set2026 17:20:22.438] [main/DEBUG] [net.neoforged.fml.loading.moddiscovery.ModDiscoverer/]: Skipping C:\Users\danie\.gradle\caches\modules-2\files-2.1\net.neoforged\JarJarMetadata\0.4.1\f8da03683dc81694556dc3e177c5e3bb77ae6fcb\JarJarMetadata-0.4.1.jar because it was already located earlier
[08set2026 17:20:22.438] [main/DEBUG] [net.neoforged.fml.loading.moddiscovery.ModDiscoverer/]: Skipping C:\Users\danie\.gradle\caches\modules-2\files-2.1\org.apache.maven\maven-artifact\3.8.5\4433f50c07debefaed0553bd0068f4f48d449313\maven-artifact-3.8.5.jar because it was already located earlier
[08set2026 17:20:22.439] [main/DEBUG] [net.neoforged.fml.loading.moddiscovery.ModDiscoverer/]: Skipping C:\Users\danie\.gradle\caches\modules-2\files-2.1\net.jodah\typetools\0.6.3\a01aaa6ddaea9ec07ec4f209487b7a46a526283a\typetools-0.6.3.jar because it was already located earlier
[08set2026 17:20:22.439] [main/DEBUG] [net.neoforged.fml.loading.moddiscovery.ModDiscoverer/]: Skipping C:\Users\danie\.gradle\caches\modules-2\files-2.1\net.minecrell\terminalconsoleappender\1.3.0\b562e9bb61235c9520e26282cdee71f8f802d1fc\terminalconsoleappender-1.3.0.jar because it was already located earlier
[08set2026 17:20:22.439] [main/DEBUG] [net.neoforged.fml.loading.moddiscovery.ModDiscoverer/]: Skipping C:\Users\danie\.gradle\caches\modules-2\files-2.1\net.fabricmc\sponge-mixin\0.15.2+mixin.0.8.7\2af2f021d8e02a0220dc27a7a72b4666d66d44ca\sponge-mixin-0.15.2+mixin.0.8.7.jar because it was already located earlier
[08set2026 17:20:22.440] [main/DEBUG] [net.neoforged.fml.loading.moddiscovery.ModDiscoverer/]: Skipping C:\Users\danie\.gradle\caches\modules-2\files-2.1\org.apache.commons\commons-lang3\3.14.0\1ed471194b02f2c6cb734a0cd6f6f107c673afae\commons-lang3-3.14.0.jar because it was already located earlier
[08set2026 17:20:22.440] [main/DEBUG] [net.neoforged.fml.loading.moddiscovery.ModDiscoverer/]: Skipping C:\Users\danie\.gradle\caches\modules-2\files-2.1\com.mojang\logging\1.2.7\24cb95ffb0e3433fd6e844c04e68009e504ca1c0\logging-1.2.7.jar because it was already located earlier
[08set2026 17:20:22.440] [main/DEBUG] [net.neoforged.fml.loading.moddiscovery.ModDiscoverer/]: Skipping C:\Users\danie\.gradle\caches\modules-2\files-2.1\org.apache.logging.log4j\log4j-slf4j2-impl\2.22.1\d7e6693c2606cb7e7335047d7bb96dec52db5665\log4j-slf4j2-impl-2.22.1.jar because it was already located earlier
[08set2026 17:20:22.440] [main/DEBUG] [net.neoforged.fml.loading.moddiscovery.ModDiscoverer/]: Skipping C:\Users\danie\.gradle\caches\modules-2\files-2.1\org.apache.logging.log4j\log4j-core\2.22.1\7183a25510a02ad00cc6a95d3b3d2a7d3c5a8dc4\log4j-core-2.22.1.jar because it was already located earlier
[08set2026 17:20:22.440] [main/DEBUG] [net.neoforged.fml.loading.moddiscovery.ModDiscoverer/]: Skipping C:\Users\danie\.gradle\caches\modules-2\files-2.1\org.apache.logging.log4j\log4j-api\2.22.1\bea6fede6328fabafd7e68363161a7ea6605abd1\log4j-api-2.22.1.jar because it was already located earlier
[08set2026 17:20:22.440] [main/DEBUG] [net.neoforged.fml.loading.moddiscovery.ModDiscoverer/]: Skipping C:\Users\danie\.gradle\caches\modules-2\files-2.1\net.sf.jopt-simple\jopt-simple\5.0.4\4fdac2fbe92dfad86aa6e9301736f6b4342a3f5c\jopt-simple-5.0.4.jar because it was already located earlier
[08set2026 17:20:22.440] [main/DEBUG] [net.neoforged.fml.loading.moddiscovery.ModDiscoverer/]: Skipping C:\Users\danie\.gradle\caches\modules-2\files-2.1\commons-io\commons-io\2.15.1\f11560da189ab563a5c8e351941415430e9304ea\commons-io-2.15.1.jar because it was already located earlier
[08set2026 17:20:22.441] [main/DEBUG] [net.neoforged.fml.loading.moddiscovery.ModDiscoverer/]: Skipping C:\Users\danie\.gradle\caches\modules-2\files-2.1\com.google.guava\guava\32.1.2-jre\5e64ec7e056456bef3a4bc4c6fdaef71e8ab6318\guava-32.1.2-jre.jar because it was already located earlier
[08set2026 17:20:22.441] [main/DEBUG] [net.neoforged.fml.loading.moddiscovery.ModDiscoverer/]: Skipping C:\Users\danie\.gradle\caches\modules-2\files-2.1\com.google.code.gson\gson\2.10.1\b3add478d4382b78ea20b1671390a858002feb6c\gson-2.10.1.jar because it was already located earlier
[08set2026 17:20:22.441] [main/DEBUG] [net.neoforged.fml.loading.moddiscovery.ModDiscoverer/]: Skipping C:\Users\danie\.gradle\caches\modules-2\files-2.1\org.slf4j\slf4j-api\2.0.9\7cf2726fdcfbc8610f9a71fb3ed639871f315340\slf4j-api-2.0.9.jar because it was already located earlier
[08set2026 17:20:22.441] [main/DEBUG] [net.neoforged.fml.loading.moddiscovery.ModDiscoverer/]: Skipping C:\Users\danie\.gradle\caches\modules-2\files-2.1\org.antlr\antlr4-runtime\4.13.1\17125bae1d965624e265ef49552f6465a2bfa307\antlr4-runtime-4.13.1.jar because it was already located earlier
[08set2026 17:20:22.441] [main/DEBUG] [net.neoforged.fml.loading.moddiscovery.ModDiscoverer/]: Skipping C:\Users\danie\.gradle\caches\modules-2\files-2.1\net.minecraftforge\srgutils\0.4.15\ca408b131759478f164e010fae0d73997e125fb5\srgutils-0.4.15.jar because it was already located earlier
[08set2026 17:20:22.441] [main/DEBUG] [net.neoforged.fml.loading.moddiscovery.ModDiscoverer/]: Skipping C:\Users\danie\.gradle\caches\modules-2\files-2.1\org.codehaus.plexus\plexus-utils\3.3.0\cf43b5391de623b36fe066a21127baef82c64022\plexus-utils-3.3.0.jar because it was already located earlier
[08set2026 17:20:22.441] [main/DEBUG] [net.neoforged.fml.loading.moddiscovery.ModDiscoverer/]: Skipping C:\Users\danie\.gradle\caches\modules-2\files-2.1\org.jline\jline-reader\3.20.0\8f15415b022a25b473e8e16c28ae913186ffb9c4\jline-reader-3.20.0.jar because it was already located earlier
[08set2026 17:20:22.442] [main/DEBUG] [net.neoforged.fml.loading.moddiscovery.ModDiscoverer/]: Skipping C:\Users\danie\.gradle\caches\modules-2\files-2.1\com.machinezoo.noexception\noexception\1.7.1\b65330c98e38a1f915fa54a6e5eca496505e3f0a\noexception-1.7.1.jar because it was already located earlier
[08set2026 17:20:22.442] [main/DEBUG] [net.neoforged.fml.loading.moddiscovery.ModDiscoverer/]: Skipping C:\Users\danie\.gradle\caches\modules-2\files-2.1\com.github.oshi\oshi-core\6.4.10\b1d8ab82d11d92fd639b56d639f8f46f739dd5fa\oshi-core-6.4.10.jar because it was already located earlier
[08set2026 17:20:22.442] [main/DEBUG] [net.neoforged.fml.loading.moddiscovery.ModDiscoverer/]: Skipping C:\Users\danie\.gradle\caches\modules-2\files-2.1\com.google.guava\failureaccess\1.0.1\1dcf1de382a0bf95a3d8b0849546c88bac1292c9\failureaccess-1.0.1.jar because it was already located earlier
[08set2026 17:20:22.442] [main/DEBUG] [net.neoforged.fml.loading.moddiscovery.ModDiscoverer/]: Skipping C:\Users\danie\.gradle\caches\modules-2\files-2.1\com.ibm.icu\icu4j\73.2\61ad4ef7f9131fcf6d25c34b817f90d6da06c9e9\icu4j-73.2.jar because it was already located earlier
[08set2026 17:20:22.442] [main/DEBUG] [net.neoforged.fml.loading.moddiscovery.ModDiscoverer/]: Skipping C:\Users\danie\.gradle\caches\modules-2\files-2.1\com.mojang\authlib\6.0.54\de8bc95660e1b2fe8793fd427a7a10dcec5b3ea7\authlib-6.0.54.jar because it was already located earlier
[08set2026 17:20:22.442] [main/DEBUG] [net.neoforged.fml.loading.moddiscovery.ModDiscoverer/]: Skipping C:\Users\danie\.gradle\caches\modules-2\files-2.1\com.mojang\blocklist\1.0.10\5c685c5ffa94c4cd39496c7184c1d122e515ecef\blocklist-1.0.10.jar because it was already located earlier
[08set2026 17:20:22.442] [main/DEBUG] [net.neoforged.fml.loading.moddiscovery.ModDiscoverer/]: Skipping C:\Users\danie\.gradle\caches\modules-2\files-2.1\com.mojang\brigadier\1.3.10\d15b53a14cf20fdcaa98f731af5dda654452c010\brigadier-1.3.10.jar because it was already located earlier
[08set2026 17:20:22.443] [main/DEBUG] [net.neoforged.fml.loading.moddiscovery.ModDiscoverer/]: Skipping C:\Users\danie\.gradle\caches\modules-2\files-2.1\com.mojang\datafixerupper\8.0.16\67d4de6d7f95d89bcf5862995fb854ebaec02a34\datafixerupper-8.0.16.jar because it was already located earlier
[08set2026 17:20:22.443] [main/DEBUG] [net.neoforged.fml.loading.moddiscovery.ModDiscoverer/]: Skipping C:\Users\danie\.gradle\caches\modules-2\files-2.1\com.mojang\patchy\2.2.10\da05971b07cbb379d002cf7eaec6a2048211fefc\patchy-2.2.10.jar because it was already located earlier
[08set2026 17:20:22.443] [main/DEBUG] [net.neoforged.fml.loading.moddiscovery.ModDiscoverer/]: Skipping C:\Users\danie\.gradle\caches\modules-2\files-2.1\com.mojang\text2speech\1.17.9\3cad216e3a7f0c19b4b394388bc9ffc446f13b14\text2speech-1.17.9.jar because it was already located earlier
[08set2026 17:20:22.443] [main/DEBUG] [net.neoforged.fml.loading.moddiscovery.ModDiscoverer/]: Skipping C:\Users\danie\.gradle\caches\modules-2\files-2.1\commons-codec\commons-codec\1.16.0\4e3eb3d79888d76b54e28b350915b5dc3919c9de\commons-codec-1.16.0.jar because it was already located earlier
[08set2026 17:20:22.443] [main/DEBUG] [net.neoforged.fml.loading.moddiscovery.ModDiscoverer/]: Skipping C:\Users\danie\.gradle\caches\modules-2\files-2.1\commons-logging\commons-logging\1.2\4bfc12adfe4842bf07b657f0369c4cb522955686\commons-logging-1.2.jar because it was already located earlier
[08set2026 17:20:22.443] [main/DEBUG] [net.neoforged.fml.loading.moddiscovery.ModDiscoverer/]: Skipping C:\Users\danie\.gradle\caches\modules-2\files-2.1\io.netty\netty-buffer\4.1.97.Final\f8f3d8644afa5e6e1a40a3a6aeb9d9aa970ecb4f\netty-buffer-4.1.97.Final.jar because it was already located earlier
[08set2026 17:20:22.444] [main/DEBUG] [net.neoforged.fml.loading.moddiscovery.ModDiscoverer/]: Skipping C:\Users\danie\.gradle\caches\modules-2\files-2.1\io.netty\netty-codec\4.1.97.Final\384ba4d75670befbedb45c4d3b497a93639c206d\netty-codec-4.1.97.Final.jar because it was already located earlier
[08set2026 17:20:22.444] [main/DEBUG] [net.neoforged.fml.loading.moddiscovery.ModDiscoverer/]: Skipping C:\Users\danie\.gradle\caches\modules-2\files-2.1\io.netty\netty-common\4.1.97.Final\7cceacaf11df8dc63f23d0fb58e9d4640fc88404\netty-common-4.1.97.Final.jar because it was already located earlier
[08set2026 17:20:22.444] [main/DEBUG] [net.neoforged.fml.loading.moddiscovery.ModDiscoverer/]: Skipping C:\Users\danie\.gradle\caches\modules-2\files-2.1\io.netty\netty-handler\4.1.97.Final\abb86c6906bf512bf2b797a41cd7d2e8d3cd7c36\netty-handler-4.1.97.Final.jar because it was already located earlier
[08set2026 17:20:22.444] [main/DEBUG] [net.neoforged.fml.loading.moddiscovery.ModDiscoverer/]: Skipping C:\Users\danie\.gradle\caches\modules-2\files-2.1\io.netty\netty-resolver\4.1.97.Final\cec8348108dc76c47cf87c669d514be52c922144\netty-resolver-4.1.97.Final.jar because it was already located earlier
[08set2026 17:20:22.444] [main/DEBUG] [net.neoforged.fml.loading.moddiscovery.ModDiscoverer/]: Skipping C:\Users\danie\.gradle\caches\modules-2\files-2.1\io.netty\netty-transport-classes-epoll\4.1.97.Final\795da37ded759e862457a82d9d92c4d39ce8ecee\netty-transport-classes-epoll-4.1.97.Final.jar because it was already located earlier
[08set2026 17:20:22.444] [main/DEBUG] [net.neoforged.fml.loading.moddiscovery.ModDiscoverer/]: Skipping C:\Users\danie\.gradle\caches\modules-2\files-2.1\io.netty\netty-transport-native-unix-common\4.1.97.Final\d469d84265ab70095b01b40886cabdd433b6e664\netty-transport-native-unix-common-4.1.97.Final.jar because it was already located earlier
[08set2026 17:20:22.445] [main/DEBUG] [net.neoforged.fml.loading.moddiscovery.ModDiscoverer/]: Skipping C:\Users\danie\.gradle\caches\modules-2\files-2.1\io.netty\netty-transport\4.1.97.Final\f37380d23c9bb079bc702910833b2fd532c9abd0\netty-transport-4.1.97.Final.jar because it was already located earlier
[08set2026 17:20:22.445] [main/DEBUG] [net.neoforged.fml.loading.moddiscovery.ModDiscoverer/]: Skipping C:\Users\danie\.gradle\caches\modules-2\files-2.1\it.unimi.dsi\fastutil\8.5.12\c24946d46824bd528054bface3231d2ecb7e95e8\fastutil-8.5.12.jar because it was already located earlier
[08set2026 17:20:22.445] [main/DEBUG] [net.neoforged.fml.loading.moddiscovery.ModDiscoverer/]: Skipping C:\Users\danie\.gradle\caches\modules-2\files-2.1\net.java.dev.jna\jna-platform\5.14.0\28934d48aed814f11e4c584da55c49fa7032b31b\jna-platform-5.14.0.jar because it was already located earlier
[08set2026 17:20:22.445] [main/DEBUG] [net.neoforged.fml.loading.moddiscovery.ModDiscoverer/]: Skipping C:\Users\danie\.gradle\caches\modules-2\files-2.1\net.java.dev.jna\jna\5.14.0\67bf3eaea4f0718cb376a181a629e5f88fa1c9dd\jna-5.14.0.jar because it was already located earlier
[08set2026 17:20:22.445] [main/DEBUG] [net.neoforged.fml.loading.moddiscovery.ModDiscoverer/]: Skipping C:\Users\danie\.gradle\caches\modules-2\files-2.1\org.apache.commons\commons-compress\1.26.0\659feffdd12280201c8aacb8f7be94f9a883c824\commons-compress-1.26.0.jar because it was already located earlier
[08set2026 17:20:22.445] [main/DEBUG] [net.neoforged.fml.loading.moddiscovery.ModDiscoverer/]: Skipping C:\Users\danie\.gradle\caches\modules-2\files-2.1\org.apache.httpcomponents\httpclient\4.5.13\e5f6cae5ca7ecaac1ec2827a9e2d65ae2869cada\httpclient-4.5.13.jar because it was already located earlier
[08set2026 17:20:22.445] [main/DEBUG] [net.neoforged.fml.loading.moddiscovery.ModDiscoverer/]: Skipping C:\Users\danie\.gradle\caches\modules-2\files-2.1\org.apache.httpcomponents\httpcore\4.4.16\51cf043c87253c9f58b539c9f7e44c8894223850\httpcore-4.4.16.jar because it was already located earlier
[08set2026 17:20:22.446] [main/DEBUG] [net.neoforged.fml.loading.moddiscovery.ModDiscoverer/]: Skipping C:\Users\danie\.gradle\caches\modules-2\files-2.1\org.jcraft\jorbis\0.0.17\8872d22b293e8f5d7d56ff92be966e6dc28ebdc6\jorbis-0.0.17.jar because it was already located earlier
[08set2026 17:20:22.446] [main/DEBUG] [net.neoforged.fml.loading.moddiscovery.ModDiscoverer/]: Skipping C:\Users\danie\.gradle\caches\modules-2\files-2.1\org.joml\joml\1.10.5\22566d58af70ad3d72308bab63b8339906deb649\joml-1.10.5.jar because it was already located earlier
[08set2026 17:20:22.446] [main/DEBUG] [net.neoforged.fml.loading.moddiscovery.ModDiscoverer/]: Skipping C:\Users\danie\.gradle\caches\modules-2\files-2.1\org.lwjgl\lwjgl-freetype\3.3.3\a0db6c84a8becc8ca05f9dbfa985edc348a824c7\lwjgl-freetype-3.3.3.jar because it was already located earlier
[08set2026 17:20:22.457] [main/DEBUG] [net.neoforged.fml.loading.moddiscovery.ModDiscoverer/]: Skipping C:\Users\danie\.gradle\caches\modules-2\files-2.1\org.lwjgl\lwjgl-freetype\3.3.3\15a8c1de7f51d07a92eae7ce1222557073a0c0c3\lwjgl-freetype-3.3.3-natives-windows-x86.jar because it was already located earlier
[08set2026 17:20:22.458] [main/DEBUG] [net.neoforged.fml.loading.moddiscovery.ModDiscoverer/]: Skipping C:\Users\danie\.gradle\caches\modules-2\files-2.1\org.lwjgl\lwjgl-glfw\3.3.3\efa1eb78c5ccd840e9f329717109b5e892d72f8e\lwjgl-glfw-3.3.3.jar because it was already located earlier
[08set2026 17:20:22.468] [main/DEBUG] [net.neoforged.fml.loading.moddiscovery.ModDiscoverer/]: Skipping C:\Users\danie\.gradle\caches\modules-2\files-2.1\org.lwjgl\lwjgl-glfw\3.3.3\32334f3fd5270a59bad9939a93115acb6de36dcf\lwjgl-glfw-3.3.3-natives-windows-x86.jar because it was already located earlier
[08set2026 17:20:22.468] [main/DEBUG] [net.neoforged.fml.loading.moddiscovery.ModDiscoverer/]: Skipping C:\Users\danie\.gradle\caches\modules-2\files-2.1\org.lwjgl\lwjgl-jemalloc\3.3.3\b543467b7ff3c6920539a88ee602d34098628be5\lwjgl-jemalloc-3.3.3.jar because it was already located earlier
[08set2026 17:20:22.468] [main/DEBUG] [net.neoforged.fml.loading.moddiscovery.ModDiscoverer/]: Skipping C:\Users\danie\.gradle\caches\modules-2\files-2.1\org.lwjgl\lwjgl-jemalloc\3.3.3\426222fc027602a5f21b9c0fe79cde6a4c7a011f\lwjgl-jemalloc-3.3.3-natives-windows.jar because it was already located earlier
[08set2026 17:20:22.478] [main/DEBUG] [net.neoforged.fml.loading.moddiscovery.ModDiscoverer/]: Skipping C:\Users\danie\.gradle\caches\modules-2\files-2.1\org.lwjgl\lwjgl-openal\3.3.3\daada81ceb5fc0c291fbfdd4433cb8d9423577f2\lwjgl-openal-3.3.3.jar because it was already located earlier
[08set2026 17:20:22.487] [main/DEBUG] [net.neoforged.fml.loading.moddiscovery.ModDiscoverer/]: Skipping C:\Users\danie\.gradle\caches\modules-2\files-2.1\org.lwjgl\lwjgl-openal\3.3.3\87b8d5050e3adb46bb58fe1cb2669a4a48fce10d\lwjgl-openal-3.3.3-natives-windows-x86.jar because it was already located earlier
[08set2026 17:20:22.487] [main/DEBUG] [net.neoforged.fml.loading.moddiscovery.ModDiscoverer/]: Skipping C:\Users\danie\.gradle\caches\modules-2\files-2.1\org.lwjgl\lwjgl-opengl\3.3.3\2f6b0147078396a58979125a4c947664e98293a\lwjgl-opengl-3.3.3.jar because it was already located earlier
[08set2026 17:20:22.492] [main/DEBUG] [net.neoforged.fml.loading.moddiscovery.ModDiscoverer/]: Skipping C:\Users\danie\.gradle\caches\modules-2\files-2.1\org.lwjgl\lwjgl-opengl\3.3.3\65e956d3735a1abdc82eff4baec1b61174697d4b\lwjgl-opengl-3.3.3-natives-windows-arm64.jar because it was already located earlier
[08set2026 17:20:22.497] [main/DEBUG] [net.neoforged.fml.loading.moddiscovery.ModDiscoverer/]: Skipping C:\Users\danie\.gradle\caches\modules-2\files-2.1\org.lwjgl\lwjgl-stb\3.3.3\25dd6161988d7e65f71d5065c99902402ee32746\lwjgl-stb-3.3.3.jar because it was already located earlier
[08set2026 17:20:22.497] [main/DEBUG] [net.neoforged.fml.loading.moddiscovery.ModDiscoverer/]: Skipping C:\Users\danie\.gradle\caches\modules-2\files-2.1\org.lwjgl\lwjgl-stb\3.3.3\1d9facdf6541de114b0f963be33505b7679c78cb\lwjgl-stb-3.3.3-natives-windows.jar because it was already located earlier
[08set2026 17:20:22.507] [main/DEBUG] [net.neoforged.fml.loading.moddiscovery.ModDiscoverer/]: Skipping C:\Users\danie\.gradle\caches\modules-2\files-2.1\org.lwjgl\lwjgl-tinyfd\3.3.3\82d755ca94b102e9ca77283b9e2dc46d1b15fbe5\lwjgl-tinyfd-3.3.3.jar because it was already located earlier
[08set2026 17:20:22.507] [main/DEBUG] [net.neoforged.fml.loading.moddiscovery.ModDiscoverer/]: Skipping C:\Users\danie\.gradle\caches\modules-2\files-2.1\org.lwjgl\lwjgl-tinyfd\3.3.3\a6697981b0449a5087c1d546fc08b4f73e8f98c9\lwjgl-tinyfd-3.3.3-natives-windows.jar because it was already located earlier
[08set2026 17:20:22.516] [main/DEBUG] [net.neoforged.fml.loading.moddiscovery.ModDiscoverer/]: Skipping C:\Users\danie\.gradle\caches\modules-2\files-2.1\org.lwjgl\lwjgl\3.3.3\29589b5f87ed335a6c7e7ee6a5775f81f97ecb84\lwjgl-3.3.3.jar because it was already located earlier
[08set2026 17:20:22.525] [main/DEBUG] [net.neoforged.fml.loading.moddiscovery.ModDiscoverer/]: Skipping C:\Users\danie\.gradle\caches\modules-2\files-2.1\org.lwjgl\lwjgl\3.3.3\9e670718e050aeaeea0c2d5b907cffb142f2e58f\lwjgl-3.3.3-natives-windows-x86.jar because it was already located earlier
[08set2026 17:20:22.525] [main/DEBUG] [net.neoforged.fml.loading.moddiscovery.ModDiscoverer/]: Skipping C:\Users\danie\.gradle\caches\modules-2\files-2.1\org.lz4\lz4-java\1.8.0\4b986a99445e49ea5fbf5d149c4b63f6ed6c6780\lz4-java-1.8.0.jar because it was already located earlier
[08set2026 17:20:22.525] [main/DEBUG] [net.neoforged.fml.loading.moddiscovery.ModDiscoverer/]: Skipping C:\Users\danie\.gradle\caches\modules-2\files-2.1\org.jline\jline-terminal\3.20.0\d0ddcc708ddf527a3454c941b7b9225cc83a15ff\jline-terminal-3.20.0.jar because it was already located earlier
[08set2026 17:20:22.525] [main/DEBUG] [net.neoforged.fml.loading.moddiscovery.ModDiscoverer/]: Skipping C:\Users\danie\.gradle\caches\modules-2\files-2.1\com.google.guava\listenablefuture\9999.0-empty-to-avoid-conflict-with-guava\b421526c5f297295adef1c886e5246c39d4ac629\listenablefuture-9999.0-empty-to-avoid-conflict-with-guava.jar because it was already located earlier
[08set2026 17:20:22.525] [main/DEBUG] [net.neoforged.fml.loading.moddiscovery.ModDiscoverer/]: Skipping C:\Users\danie\.gradle\caches\modules-2\files-2.1\com.google.code.findbugs\jsr305\3.0.2\25ea2e8b0c338a877313bd4672d3fe056ea78f0d\jsr305-3.0.2.jar because it was already located earlier
[08set2026 17:20:22.526] [main/DEBUG] [net.neoforged.fml.loading.moddiscovery.ModDiscoverer/]: Skipping C:\Users\danie\.gradle\caches\modules-2\files-2.1\org.checkerframework\checker-qual\3.33.0\de2b60b62da487644fc11f734e73c8b0b431238f\checker-qual-3.33.0.jar because it was already located earlier
[08set2026 17:20:22.526] [main/DEBUG] [net.neoforged.fml.loading.moddiscovery.ModDiscoverer/]: Skipping C:\Users\danie\.gradle\caches\modules-2\files-2.1\com.google.errorprone\error_prone_annotations\2.18.0\89b684257096f548fa39a7df9fdaa409d4d4df91\error_prone_annotations-2.18.0.jar because it was already located earlier
[08set2026 17:20:22.526] [main/DEBUG] [net.neoforged.fml.loading.moddiscovery.ModDiscoverer/]: Skipping C:\Users\danie\.gradle\caches\modules-2\files-2.1\com.google.j2objc\j2objc-annotations\2.8\c85270e307e7b822f1086b93689124b89768e273\j2objc-annotations-2.8.jar because it was already located earlier
[08set2026 17:20:22.528] [main/DEBUG] [net.neoforged.fml.loading.UniqueModListBuilder/]: Found 2 mods for first modid neoforge, selecting most recent based on version data
[08set2026 17:20:22.529] [main/DEBUG] [net.neoforged.fml.loading.UniqueModListBuilder/]: Selected file neoforge-21.1.65-minecraft-merged.jar for modid neoforge with version 21.1.65
[08set2026 17:20:22.704] [main/INFO] [net.neoforged.fml.loading.moddiscovery.locators.JarInJarDependencyLocator/]: Found 2 dependencies adding them to mods collection
[08set2026 17:20:22.707] [main/DEBUG] [net.neoforged.fml.loading.moddiscovery.ModFileInfo/LOADING]: Found valid mod file neoforge-21.1.65-minecraft-merged.jar with {minecraft} mods - versions {1.21.1}
[08set2026 17:20:22.712] [main/DEBUG] [net.neoforged.fml.loading.moddiscovery.ModFile/LOADING]: Loading mod file C:\Users\danie\MCreatorWorkspaces\extraindeco\build\moddev\artifacts\neoforge-21.1.65-minecraft-merged.jar with languages [LanguageSpec[languageName=minecraft, acceptedVersions=1]]
[08set2026 17:20:22.714] [main/DEBUG] [net.neoforged.fml.loading.moddiscovery.ModFileParser/LOADING]: Considering mod file candidate C:\Users\danie\MCreatorWorkspaces\extraindeco\build\classes\java\main
[08set2026 17:20:22.719] [main/DEBUG] [net.neoforged.fml.loading.moddiscovery.ModFileInfo/LOADING]: Found valid mod file main with {extraindeco} mods - versions {1.0.0}
[08set2026 17:20:22.719] [main/DEBUG] [net.neoforged.fml.loading.moddiscovery.ModFile/LOADING]: Loading mod file C:\Users\danie\MCreatorWorkspaces\extraindeco\build\classes\java\main with languages [LanguageSpec[languageName=javafml, acceptedVersions=[4,)]]
[08set2026 17:20:22.720] [main/DEBUG] [net.neoforged.fml.loading.moddiscovery.ModFileParser/LOADING]: Considering mod file candidate C:\Users\danie\MCreatorWorkspaces\extraindeco\build\moddev\artifacts\neoforge-21.1.65-minecraft-merged.jar
[08set2026 17:20:22.721] [main/DEBUG] [net.neoforged.fml.loading.moddiscovery.ModFileInfo/LOADING]: Found valid mod file neoforge-21.1.65-minecraft-merged.jar with {neoforge} mods - versions {21.1.65}
[08set2026 17:20:22.722] [main/DEBUG] [net.neoforged.fml.loading.moddiscovery.ModFile/LOADING]: Loading mod file C:\Users\danie\MCreatorWorkspaces\extraindeco\build\moddev\artifacts\neoforge-21.1.65-minecraft-merged.jar with languages [LanguageSpec[languageName=javafml, acceptedVersions=[3,]]]
[08set2026 17:20:22.722] [main/DEBUG] [net.neoforged.fml.loading.moddiscovery.ModFile/LOADING]: Found mixin config neoforge.mixins.json
[08set2026 17:20:22.723] [main/DEBUG] [net.neoforged.fml.loading.moddiscovery.ModFile/LOADING]: Loading mod file  with languages []
[08set2026 17:20:22.725] [main/DEBUG] [cpw.mods.modlauncher.TransformationServiceDecorator/MODLAUNCHER]: End scan trigger - transformation service fml
[08set2026 17:20:22.744] [main/DEBUG] [net.neoforged.fml.util.ServiceLoaderUtil/CORE]: Found 3 implementations of IModLanguageLoader:
[08set2026 17:20:22.744] [main/DEBUG] [net.neoforged.fml.util.ServiceLoaderUtil/CORE]: 	net.neoforged.fml.javafmlmod.FMLJavaModLanguageProvider from loader-4.0.24.jar
[08set2026 17:20:22.745] [main/DEBUG] [net.neoforged.fml.util.ServiceLoaderUtil/CORE]: 	net.neoforged.fml.lowcodemod.LowCodeModLanguageProvider from loader-4.0.24.jar
[08set2026 17:20:22.745] [main/DEBUG] [net.neoforged.fml.util.ServiceLoaderUtil/CORE]: 	net.neoforged.fml.mclanguageprovider.MinecraftModLanguageProvider from loader-4.0.24.jar
[08set2026 17:20:22.746] [main/DEBUG] [net.neoforged.fml.loading.LanguageProviderLoader/CORE]: Found language provider javafml, version 4.0.24
[08set2026 17:20:22.747] [main/DEBUG] [net.neoforged.fml.loading.LanguageProviderLoader/CORE]: Found language provider lowcodefml, version 4.0.24
[08set2026 17:20:22.747] [main/DEBUG] [net.neoforged.fml.loading.LanguageProviderLoader/CORE]: Found language provider minecraft, version 4.0.24
[08set2026 17:20:22.753] [main/DEBUG] [net.neoforged.fml.loading.ModSorter/]: Configured system mods: [minecraft, neoforge]
[08set2026 17:20:22.753] [main/DEBUG] [net.neoforged.fml.loading.ModSorter/]: Found system mod: minecraft
[08set2026 17:20:22.753] [main/DEBUG] [net.neoforged.fml.loading.ModSorter/]: Found system mod: neoforge
[08set2026 17:20:22.756] [main/DEBUG] [net.neoforged.fml.loading.ModSorter/LOADING]: Found 2 mod requirements (2 mandatory, 0 optional)
[08set2026 17:20:22.757] [main/DEBUG] [net.neoforged.fml.loading.ModSorter/LOADING]: Found 0 mod requirements missing (0 mandatory, 0 optional)
[08set2026 17:20:22.922] [main/DEBUG] [mixin/]: Adding mixin platform agents for container net.neoforged.fml.loading.mixin.FMLMixinContainerHandle@528f8f8b
[08set2026 17:20:22.923] [main/DEBUG] [mixin/]: Instancing new MixinPlatformAgentMinecraftForge for net.neoforged.fml.loading.mixin.FMLMixinContainerHandle@528f8f8b
[08set2026 17:20:22.923] [main/DEBUG] [mixin/]: MixinPlatformAgentMinecraftForge rejected container net.neoforged.fml.loading.mixin.FMLMixinContainerHandle@528f8f8b
[08set2026 17:20:22.923] [main/DEBUG] [mixin/]: Instancing new MixinPlatformAgentDefault for net.neoforged.fml.loading.mixin.FMLMixinContainerHandle@528f8f8b
[08set2026 17:20:22.923] [main/DEBUG] [mixin/]: MixinPlatformAgentDefault accepted container net.neoforged.fml.loading.mixin.FMLMixinContainerHandle@528f8f8b
[08set2026 17:20:22.923] [main/DEBUG] [mixin/]: Instancing new FMLMixinPlatformAgent for net.neoforged.fml.loading.mixin.FMLMixinContainerHandle@528f8f8b
[08set2026 17:20:22.924] [main/DEBUG] [mixin/]: FMLMixinPlatformAgent accepted container net.neoforged.fml.loading.mixin.FMLMixinContainerHandle@528f8f8b
[08set2026 17:20:22.932] [main/DEBUG] [cpw.mods.modlauncher.TransformationServicesHandler/MODLAUNCHER]: Transformation services loading transformers
[08set2026 17:20:22.933] [main/DEBUG] [cpw.mods.modlauncher.TransformationServiceDecorator/MODLAUNCHER]: Initializing transformers for transformation service mixin
[08set2026 17:20:22.934] [main/DEBUG] [cpw.mods.modlauncher.TransformationServiceDecorator/MODLAUNCHER]: Initialized transformers for transformation service mixin
[08set2026 17:20:22.934] [main/DEBUG] [cpw.mods.modlauncher.TransformationServiceDecorator/MODLAUNCHER]: Initializing transformers for transformation service fml
[08set2026 17:20:22.934] [main/DEBUG] [net.neoforged.fml.loading.FMLServiceProvider/LOADING]: Loading coremod transformers
[08set2026 17:20:22.934] [main/DEBUG] [net.neoforged.fml.loading.FMLServiceProvider/CORE]: Not loading coremod script-engine since no mod requested it
[08set2026 17:20:22.936] [main/DEBUG] [net.neoforged.fml.util.ServiceLoaderUtil/CORE]: Found 1 implementations of ICoreMod:
[08set2026 17:20:22.936] [main/DEBUG] [net.neoforged.fml.util.ServiceLoaderUtil/CORE]: 	net.neoforged.neoforge.coremods.NeoForgeCoreMod from neoforge-21.1.65-minecraft-merged.jar > neoforge-coremods-21.1.65.jar
[08set2026 17:20:22.944] [main/DEBUG] [net.neoforged.fml.loading.FMLServiceProvider/CORE]: Adding [Target[className=net.minecraft.world.level.biome.Biome, elementName=, elementDescriptor=, targetType=cpw.mods.modlauncher.api.TargetType@61e94def]] transformer from core-mod net.neoforged.neoforge.coremods.NeoForgeCoreMod@4e61e4c2 in neoforge-21.1.65-minecraft-merged.jar > neoforge-coremods-21.1.65.jar
[08set2026 17:20:22.945] [main/DEBUG] [net.neoforged.fml.loading.FMLServiceProvider/CORE]: Adding [Target[className=net.minecraft.world.level.levelgen.structure.Structure, elementName=, elementDescriptor=, targetType=cpw.mods.modlauncher.api.TargetType@61e94def]] transformer from core-mod net.neoforged.neoforge.coremods.NeoForgeCoreMod@4e61e4c2 in neoforge-21.1.65-minecraft-merged.jar > neoforge-coremods-21.1.65.jar
[08set2026 17:20:22.945] [main/DEBUG] [net.neoforged.fml.loading.FMLServiceProvider/CORE]: Adding [Target[className=net.minecraft.world.level.block.FlowerPotBlock, elementName=, elementDescriptor=, targetType=cpw.mods.modlauncher.api.TargetType@61e94def]] transformer from core-mod net.neoforged.neoforge.coremods.NeoForgeCoreMod@4e61e4c2 in neoforge-21.1.65-minecraft-merged.jar > neoforge-coremods-21.1.65.jar
[08set2026 17:20:22.945] [main/DEBUG] [net.neoforged.fml.loading.FMLServiceProvider/CORE]: Adding [Target[className=net/minecraft/server/commands/RaidCommand, elementName=, elementDescriptor=, targetType=cpw.mods.modlauncher.api.TargetType@61e94def], Target[className=net/minecraft/world/entity/monster/ZombieVillager, elementName=, elementDescriptor=, targetType=cpw.mods.modlauncher.api.TargetType@61e94def], Target[className=net/minecraft/world/level/levelgen/PatrolSpawner, elementName=, elementDescriptor=, targetType=cpw.mods.modlauncher.api.TargetType@61e94def], Target[className=net/minecraft/world/level/levelgen/structure/structures/OceanMonumentPieces$OceanMonumentPiece, elementName=, elementDescriptor=, targetType=cpw.mods.modlauncher.api.TargetType@61e94def], Target[className=net/minecraft/world/entity/monster/Evoker$EvokerSummonSpellGoal, elementName=, elementDescriptor=, targetType=cpw.mods.modlauncher.api.TargetType@61e94def], Target[className=net/minecraft/world/entity/ai/village/VillageSiege, elementName=, elementDescriptor=, targetType=cpw.mods.modlauncher.api.TargetType@61e94def], Target[className=net/minecraft/world/entity/animal/frog/Tadpole, elementName=, elementDescriptor=, targetType=cpw.mods.modlauncher.api.TargetType@61e94def], Target[className=net/minecraft/world/level/levelgen/structure/templatesystem/StructureTemplate, elementName=, elementDescriptor=, targetType=cpw.mods.modlauncher.api.TargetType@61e94def], Target[className=net/minecraft/world/entity/npc/Villager, elementName=, elementDescriptor=, targetType=cpw.mods.modlauncher.api.TargetType@61e94def], Target[className=net/minecraft/world/level/levelgen/structure/structures/OceanRuinPieces$OceanRuinPiece, elementName=, elementDescriptor=, targetType=cpw.mods.modlauncher.api.TargetType@61e94def], Target[className=net/minecraft/world/level/levelgen/structure/structures/SwampHutPiece, elementName=, elementDescriptor=, targetType=cpw.mods.modlauncher.api.TargetType@61e94def], Target[className=net/minecraft/world/entity/npc/CatSpawner, elementName=, elementDescriptor=, targetType=cpw.mods.modlauncher.api.TargetType@61e94def], Target[className=net/minecraft/server/commands/SummonCommand, elementName=, elementDescriptor=, targetType=cpw.mods.modlauncher.api.TargetType@61e94def], Target[className=net/minecraft/world/level/levelgen/PhantomSpawner, elementName=, elementDescriptor=, targetType=cpw.mods.modlauncher.api.TargetType@61e94def], Target[className=net/minecraft/world/level/levelgen/structure/structures/WoodlandMansionPieces$WoodlandMansionPiece, elementName=, elementDescriptor=, targetType=cpw.mods.modlauncher.api.TargetType@61e94def], Target[className=net/minecraft/world/entity/EntityType, elementName=, elementDescriptor=, targetType=cpw.mods.modlauncher.api.TargetType@61e94def], Target[className=net/minecraft/world/entity/monster/Strider, elementName=, elementDescriptor=, targetType=cpw.mods.modlauncher.api.TargetType@61e94def], Target[className=net/minecraft/world/entity/animal/horse/SkeletonTrapGoal, elementName=, elementDescriptor=, targetType=cpw.mods.modlauncher.api.TargetType@61e94def], Target[className=net/minecraft/world/entity/monster/Spider, elementName=, elementDescriptor=, targetType=cpw.mods.modlauncher.api.TargetType@61e94def], Target[className=net/minecraft/world/entity/monster/Zombie, elementName=, elementDescriptor=, targetType=cpw.mods.modlauncher.api.TargetType@61e94def], Target[className=net/minecraft/world/entity/raid/Raid, elementName=, elementDescriptor=, targetType=cpw.mods.modlauncher.api.TargetType@61e94def], Target[className=net/minecraft/world/level/NaturalSpawner, elementName=, elementDescriptor=, targetType=cpw.mods.modlauncher.api.TargetType@61e94def]] transformer from core-mod net.neoforged.neoforge.coremods.NeoForgeCoreMod@4e61e4c2 in neoforge-21.1.65-minecraft-merged.jar > neoforge-coremods-21.1.65.jar
[08set2026 17:20:22.948] [main/DEBUG] [cpw.mods.modlauncher.TransformStore/MODLAUNCHER]: Adding transformer net.neoforged.neoforge.coremods.ReplaceFieldWithGetterAccess@592238c5 to Target : cpw.mods.modlauncher.api.TargetType@61e94def {Lnet/minecraft/world/level/biome/Biome;} {} {V}
[08set2026 17:20:22.950] [main/DEBUG] [cpw.mods.modlauncher.TransformStore/MODLAUNCHER]: Adding transformer net.neoforged.neoforge.coremods.ReplaceFieldWithGetterAccess@33b082c5 to Target : cpw.mods.modlauncher.api.TargetType@61e94def {Lnet/minecraft/world/level/levelgen/structure/Structure;} {} {V}
[08set2026 17:20:22.950] [main/DEBUG] [cpw.mods.modlauncher.TransformStore/MODLAUNCHER]: Adding transformer net.neoforged.neoforge.coremods.ReplaceFieldWithGetterAccess@16073fa8 to Target : cpw.mods.modlauncher.api.TargetType@61e94def {Lnet/minecraft/world/level/block/FlowerPotBlock;} {} {V}
[08set2026 17:20:22.950] [main/DEBUG] [cpw.mods.modlauncher.TransformStore/MODLAUNCHER]: Adding transformer net.neoforged.neoforge.coremods.MethodRedirector@1cc9cfb2 to Target : cpw.mods.modlauncher.api.TargetType@61e94def {Lnet/minecraft/server/commands/RaidCommand;} {} {V}
[08set2026 17:20:22.951] [main/DEBUG] [cpw.mods.modlauncher.TransformStore/MODLAUNCHER]: Adding transformer net.neoforged.neoforge.coremods.MethodRedirector@1cc9cfb2 to Target : cpw.mods.modlauncher.api.TargetType@61e94def {Lnet/minecraft/world/entity/monster/ZombieVillager;} {} {V}
[08set2026 17:20:22.951] [main/DEBUG] [cpw.mods.modlauncher.TransformStore/MODLAUNCHER]: Adding transformer net.neoforged.neoforge.coremods.MethodRedirector@1cc9cfb2 to Target : cpw.mods.modlauncher.api.TargetType@61e94def {Lnet/minecraft/world/level/levelgen/PatrolSpawner;} {} {V}
[08set2026 17:20:22.951] [main/DEBUG] [cpw.mods.modlauncher.TransformStore/MODLAUNCHER]: Adding transformer net.neoforged.neoforge.coremods.MethodRedirector@1cc9cfb2 to Target : cpw.mods.modlauncher.api.TargetType@61e94def {Lnet/minecraft/world/level/levelgen/structure/structures/OceanMonumentPieces$OceanMonumentPiece;} {} {V}
[08set2026 17:20:22.951] [main/DEBUG] [cpw.mods.modlauncher.TransformStore/MODLAUNCHER]: Adding transformer net.neoforged.neoforge.coremods.MethodRedirector@1cc9cfb2 to Target : cpw.mods.modlauncher.api.TargetType@61e94def {Lnet/minecraft/world/entity/monster/Evoker$EvokerSummonSpellGoal;} {} {V}
[08set2026 17:20:22.951] [main/DEBUG] [cpw.mods.modlauncher.TransformStore/MODLAUNCHER]: Adding transformer net.neoforged.neoforge.coremods.MethodRedirector@1cc9cfb2 to Target : cpw.mods.modlauncher.api.TargetType@61e94def {Lnet/minecraft/world/entity/ai/village/VillageSiege;} {} {V}
[08set2026 17:20:22.951] [main/DEBUG] [cpw.mods.modlauncher.TransformStore/MODLAUNCHER]: Adding transformer net.neoforged.neoforge.coremods.MethodRedirector@1cc9cfb2 to Target : cpw.mods.modlauncher.api.TargetType@61e94def {Lnet/minecraft/world/entity/animal/frog/Tadpole;} {} {V}
[08set2026 17:20:22.951] [main/DEBUG] [cpw.mods.modlauncher.TransformStore/MODLAUNCHER]: Adding transformer net.neoforged.neoforge.coremods.MethodRedirector@1cc9cfb2 to Target : cpw.mods.modlauncher.api.TargetType@61e94def {Lnet/minecraft/world/level/levelgen/structure/templatesystem/StructureTemplate;} {} {V}
[08set2026 17:20:22.951] [main/DEBUG] [cpw.mods.modlauncher.TransformStore/MODLAUNCHER]: Adding transformer net.neoforged.neoforge.coremods.MethodRedirector@1cc9cfb2 to Target : cpw.mods.modlauncher.api.TargetType@61e94def {Lnet/minecraft/world/entity/npc/Villager;} {} {V}
[08set2026 17:20:22.951] [main/DEBUG] [cpw.mods.modlauncher.TransformStore/MODLAUNCHER]: Adding transformer net.neoforged.neoforge.coremods.MethodRedirector@1cc9cfb2 to Target : cpw.mods.modlauncher.api.TargetType@61e94def {Lnet/minecraft/world/level/levelgen/structure/structures/OceanRuinPieces$OceanRuinPiece;} {} {V}
[08set2026 17:20:22.951] [main/DEBUG] [cpw.mods.modlauncher.TransformStore/MODLAUNCHER]: Adding transformer net.neoforged.neoforge.coremods.MethodRedirector@1cc9cfb2 to Target : cpw.mods.modlauncher.api.TargetType@61e94def {Lnet/minecraft/world/level/levelgen/structure/structures/SwampHutPiece;} {} {V}
[08set2026 17:20:22.951] [main/DEBUG] [cpw.mods.modlauncher.TransformStore/MODLAUNCHER]: Adding transformer net.neoforged.neoforge.coremods.MethodRedirector@1cc9cfb2 to Target : cpw.mods.modlauncher.api.TargetType@61e94def {Lnet/minecraft/world/entity/npc/CatSpawner;} {} {V}
[08set2026 17:20:22.952] [main/DEBUG] [cpw.mods.modlauncher.TransformStore/MODLAUNCHER]: Adding transformer net.neoforged.neoforge.coremods.MethodRedirector@1cc9cfb2 to Target : cpw.mods.modlauncher.api.TargetType@61e94def {Lnet/minecraft/server/commands/SummonCommand;} {} {V}
[08set2026 17:20:22.952] [main/DEBUG] [cpw.mods.modlauncher.TransformStore/MODLAUNCHER]: Adding transformer net.neoforged.neoforge.coremods.MethodRedirector@1cc9cfb2 to Target : cpw.mods.modlauncher.api.TargetType@61e94def {Lnet/minecraft/world/level/levelgen/PhantomSpawner;} {} {V}
[08set2026 17:20:22.952] [main/DEBUG] [cpw.mods.modlauncher.TransformStore/MODLAUNCHER]: Adding transformer net.neoforged.neoforge.coremods.MethodRedirector@1cc9cfb2 to Target : cpw.mods.modlauncher.api.TargetType@61e94def {Lnet/minecraft/world/level/levelgen/structure/structures/WoodlandMansionPieces$WoodlandMansionPiece;} {} {V}
[08set2026 17:20:22.952] [main/DEBUG] [cpw.mods.modlauncher.TransformStore/MODLAUNCHER]: Adding transformer net.neoforged.neoforge.coremods.MethodRedirector@1cc9cfb2 to Target : cpw.mods.modlauncher.api.TargetType@61e94def {Lnet/minecraft/world/entity/EntityType;} {} {V}
[08set2026 17:20:22.952] [main/DEBUG] [cpw.mods.modlauncher.TransformStore/MODLAUNCHER]: Adding transformer net.neoforged.neoforge.coremods.MethodRedirector@1cc9cfb2 to Target : cpw.mods.modlauncher.api.TargetType@61e94def {Lnet/minecraft/world/entity/monster/Strider;} {} {V}
[08set2026 17:20:22.952] [main/DEBUG] [cpw.mods.modlauncher.TransformStore/MODLAUNCHER]: Adding transformer net.neoforged.neoforge.coremods.MethodRedirector@1cc9cfb2 to Target : cpw.mods.modlauncher.api.TargetType@61e94def {Lnet/minecraft/world/entity/animal/horse/SkeletonTrapGoal;} {} {V}
[08set2026 17:20:22.952] [main/DEBUG] [cpw.mods.modlauncher.TransformStore/MODLAUNCHER]: Adding transformer net.neoforged.neoforge.coremods.MethodRedirector@1cc9cfb2 to Target : cpw.mods.modlauncher.api.TargetType@61e94def {Lnet/minecraft/world/entity/monster/Spider;} {} {V}
[08set2026 17:20:22.952] [main/DEBUG] [cpw.mods.modlauncher.TransformStore/MODLAUNCHER]: Adding transformer net.neoforged.neoforge.coremods.MethodRedirector@1cc9cfb2 to Target : cpw.mods.modlauncher.api.TargetType@61e94def {Lnet/minecraft/world/entity/monster/Zombie;} {} {V}
[08set2026 17:20:22.953] [main/DEBUG] [cpw.mods.modlauncher.TransformStore/MODLAUNCHER]: Adding transformer net.neoforged.neoforge.coremods.MethodRedirector@1cc9cfb2 to Target : cpw.mods.modlauncher.api.TargetType@61e94def {Lnet/minecraft/world/entity/raid/Raid;} {} {V}
[08set2026 17:20:22.953] [main/DEBUG] [cpw.mods.modlauncher.TransformStore/MODLAUNCHER]: Adding transformer net.neoforged.neoforge.coremods.MethodRedirector@1cc9cfb2 to Target : cpw.mods.modlauncher.api.TargetType@61e94def {Lnet/minecraft/world/level/NaturalSpawner;} {} {V}
[08set2026 17:20:22.953] [main/DEBUG] [cpw.mods.modlauncher.TransformationServiceDecorator/MODLAUNCHER]: Initialized transformers for transformation service fml
[08set2026 17:20:23.793] [main/DEBUG] [mixin/]: Processing prepare() for PlatformAgent[MixinPlatformAgentDefault:ModLauncher Root Container(ModLauncher:4f56a0a2)]
[08set2026 17:20:23.794] [main/DEBUG] [mixin/]: Processing prepare() for PlatformAgent[MixinPlatformAgentDefault:net.neoforged.fml.loading.mixin.FMLMixinContainerHandle@528f8f8b]
[08set2026 17:20:23.794] [main/DEBUG] [mixin/]: Processing prepare() for PlatformAgent[FMLMixinPlatformAgent:null]
[08set2026 17:20:23.829] [main/DEBUG] [mixin/]: Processing launch tasks for PlatformAgent[MixinPlatformAgentDefault:ModLauncher Root Container(ModLauncher:4f56a0a2)]
[08set2026 17:20:23.829] [main/DEBUG] [mixin/]: Adding mixin platform agents for container SecureJarResource(mixin_synthetic)
[08set2026 17:20:23.829] [main/DEBUG] [mixin/]: Instancing new MixinPlatformAgentMinecraftForge for SecureJarResource(mixin_synthetic)
[08set2026 17:20:23.829] [main/DEBUG] [mixin/]: MixinPlatformAgentMinecraftForge rejected container SecureJarResource(mixin_synthetic)
[08set2026 17:20:23.829] [main/DEBUG] [mixin/]: Instancing new MixinPlatformAgentDefault for SecureJarResource(mixin_synthetic)
[08set2026 17:20:23.829] [main/DEBUG] [mixin/]: MixinPlatformAgentDefault accepted container SecureJarResource(mixin_synthetic)
[08set2026 17:20:23.829] [main/DEBUG] [mixin/]: Instancing new FMLMixinPlatformAgent for SecureJarResource(mixin_synthetic)
[08set2026 17:20:23.829] [main/DEBUG] [mixin/]: FMLMixinPlatformAgent rejected container SecureJarResource(mixin_synthetic)
[08set2026 17:20:23.829] [main/DEBUG] [mixin/]: Processing prepare() for PlatformAgent[MixinPlatformAgentDefault:SecureJarResource(mixin_synthetic)]
[08set2026 17:20:23.830] [main/DEBUG] [mixin/]: Adding mixin platform agents for container SecureJarResource(minecraft)
[08set2026 17:20:23.830] [main/DEBUG] [mixin/]: Instancing new MixinPlatformAgentMinecraftForge for SecureJarResource(minecraft)
[08set2026 17:20:23.830] [main/DEBUG] [mixin/]: MixinPlatformAgentMinecraftForge rejected container SecureJarResource(minecraft)
[08set2026 17:20:23.830] [main/DEBUG] [mixin/]: Instancing new MixinPlatformAgentDefault for SecureJarResource(minecraft)
[08set2026 17:20:23.830] [main/DEBUG] [mixin/]: MixinPlatformAgentDefault accepted container SecureJarResource(minecraft)
[08set2026 17:20:23.830] [main/DEBUG] [mixin/]: Instancing new FMLMixinPlatformAgent for SecureJarResource(minecraft)
[08set2026 17:20:23.830] [main/DEBUG] [mixin/]: FMLMixinPlatformAgent rejected container SecureJarResource(minecraft)
[08set2026 17:20:23.830] [main/DEBUG] [mixin/]: Processing prepare() for PlatformAgent[MixinPlatformAgentDefault:SecureJarResource(minecraft)]
[08set2026 17:20:23.830] [main/DEBUG] [mixin/]: Adding mixin platform agents for container SecureJarResource(extraindeco)
[08set2026 17:20:23.830] [main/DEBUG] [mixin/]: Instancing new MixinPlatformAgentMinecraftForge for SecureJarResource(extraindeco)
[08set2026 17:20:23.830] [main/DEBUG] [mixin/]: MixinPlatformAgentMinecraftForge rejected container SecureJarResource(extraindeco)
[08set2026 17:20:23.830] [main/DEBUG] [mixin/]: Instancing new MixinPlatformAgentDefault for SecureJarResource(extraindeco)
[08set2026 17:20:23.830] [main/DEBUG] [mixin/]: MixinPlatformAgentDefault accepted container SecureJarResource(extraindeco)
[08set2026 17:20:23.830] [main/DEBUG] [mixin/]: Instancing new FMLMixinPlatformAgent for SecureJarResource(extraindeco)
[08set2026 17:20:23.832] [main/DEBUG] [mixin/]: FMLMixinPlatformAgent rejected container SecureJarResource(extraindeco)
[08set2026 17:20:23.832] [main/DEBUG] [mixin/]: Processing prepare() for PlatformAgent[MixinPlatformAgentDefault:SecureJarResource(extraindeco)]
[08set2026 17:20:23.832] [main/DEBUG] [mixin/]: Adding mixin platform agents for container SecureJarResource(mixinextras.neoforge)
[08set2026 17:20:23.832] [main/DEBUG] [mixin/]: Instancing new MixinPlatformAgentMinecraftForge for SecureJarResource(mixinextras.neoforge)
[08set2026 17:20:23.832] [main/DEBUG] [mixin/]: MixinPlatformAgentMinecraftForge rejected container SecureJarResource(mixinextras.neoforge)
[08set2026 17:20:23.832] [main/DEBUG] [mixin/]: Instancing new MixinPlatformAgentDefault for SecureJarResource(mixinextras.neoforge)
[08set2026 17:20:23.832] [main/DEBUG] [mixin/]: MixinPlatformAgentDefault accepted container SecureJarResource(mixinextras.neoforge)
[08set2026 17:20:23.832] [main/DEBUG] [mixin/]: Instancing new FMLMixinPlatformAgent for SecureJarResource(mixinextras.neoforge)
[08set2026 17:20:23.832] [main/DEBUG] [mixin/]: FMLMixinPlatformAgent rejected container SecureJarResource(mixinextras.neoforge)
[08set2026 17:20:23.832] [main/DEBUG] [mixin/]: Processing prepare() for PlatformAgent[MixinPlatformAgentDefault:SecureJarResource(mixinextras.neoforge)]
[08set2026 17:20:23.832] [main/DEBUG] [mixin/]: Registering mixin config: mixinextras.init.mixins.json source=SecureJarResource(mixinextras.neoforge)
[08set2026 17:20:23.834] [main/DEBUG] [mixin/]: inject() running with 6 agents
[08set2026 17:20:23.834] [main/DEBUG] [mixin/]: Processing inject() for PlatformAgent[MixinPlatformAgentDefault:ModLauncher Root Container(ModLauncher:4f56a0a2)]
[08set2026 17:20:23.835] [main/DEBUG] [mixin/]: Processing inject() for PlatformAgent[MixinPlatformAgentDefault:net.neoforged.fml.loading.mixin.FMLMixinContainerHandle@528f8f8b]
[08set2026 17:20:23.835] [main/DEBUG] [mixin/]: Processing inject() for PlatformAgent[FMLMixinPlatformAgent:null]
[08set2026 17:20:23.835] [main/DEBUG] [mixin/]: Processing inject() for PlatformAgent[MixinPlatformAgentDefault:SecureJarResource(mixin_synthetic)]
[08set2026 17:20:23.835] [main/DEBUG] [mixin/]: Processing inject() for PlatformAgent[MixinPlatformAgentDefault:SecureJarResource(minecraft)]
[08set2026 17:20:23.835] [main/DEBUG] [mixin/]: Processing inject() for PlatformAgent[MixinPlatformAgentDefault:SecureJarResource(extraindeco)]
[08set2026 17:20:23.835] [main/DEBUG] [mixin/]: Processing inject() for PlatformAgent[MixinPlatformAgentDefault:SecureJarResource(mixinextras.neoforge)]
[08set2026 17:20:23.836] [main/INFO] [cpw.mods.modlauncher.LaunchServiceHandler/MODLAUNCHER]: Launching target 'forgeclientuserdev' with arguments [--version, 21.1.65, --gameDir, ., --assetsDir, C:\Users\danie\.gradle\caches\neoformruntime\assets, --assetIndex, 17]
[08set2026 17:20:23.874] [main/DEBUG] [mixin/]: Preparing mixins for MixinEnvironment[DEFAULT]
[08set2026 17:20:23.874] [main/DEBUG] [mixin/]: Selecting config neoforge.mixins.json
[08set2026 17:20:23.878] [main/DEBUG] [mixin/]: Selecting config mixinextras.init.mixins.json
[08set2026 17:20:23.900] [main/DEBUG] [MixinExtras|Service/]: com.llamalad7.mixinextras.service.MixinExtrasServiceImpl(version=0.4.1) is taking over from null
[08set2026 17:20:23.930] [main/DEBUG] [mixin/]: Registering new injector for @Inject with org.spongepowered.asm.mixin.injection.struct.CallbackInjectionInfo
[08set2026 17:20:23.932] [main/DEBUG] [mixin/]: Registering new injector for @ModifyArg with org.spongepowered.asm.mixin.injection.struct.ModifyArgInjectionInfo
[08set2026 17:20:23.936] [main/DEBUG] [mixin/]: Registering new injector for @ModifyArgs with org.spongepowered.asm.mixin.injection.struct.ModifyArgsInjectionInfo
[08set2026 17:20:23.938] [main/DEBUG] [mixin/]: Registering new injector for @Redirect with org.spongepowered.asm.mixin.injection.struct.RedirectInjectionInfo
[08set2026 17:20:23.939] [main/DEBUG] [mixin/]: Registering new injector for @ModifyVariable with org.spongepowered.asm.mixin.injection.struct.ModifyVariableInjectionInfo
[08set2026 17:20:23.940] [main/DEBUG] [mixin/]: Registering new injector for @ModifyConstant with org.spongepowered.asm.mixin.injection.struct.ModifyConstantInjectionInfo
[08set2026 17:20:23.948] [main/DEBUG] [mixin/]: Preparing neoforge.mixins.json (2)
[08set2026 17:20:23.999] [main/DEBUG] [mixin/]: Preparing mixinextras.init.mixins.json (0)
[08set2026 17:20:24.236] [main/DEBUG] [io.netty.util.internal.logging.InternalLoggerFactory/]: Using SLF4J as the default logging framework
[08set2026 17:20:24.238] [main/DEBUG] [io.netty.util.ResourceLeakDetector/]: -Dio.netty.leakDetection.level: simple
[08set2026 17:20:24.239] [main/DEBUG] [io.netty.util.ResourceLeakDetector/]: -Dio.netty.leakDetection.targetRecords: 4
[08set2026 17:20:25.393] [main/DEBUG] [oshi.util.FileUtil/]: No oshi.properties file found from ClassLoader cpw.mods.modlauncher.TransformingClassLoader@5411dd90
[08set2026 17:20:25.985] [main/DEBUG] [oshi.util.FileUtil/]: No oshi.architecture.properties file found from ClassLoader cpw.mods.modlauncher.TransformingClassLoader@5411dd90
[08set2026 17:20:26.169] [pool-7-thread-1/INFO] [MixinExtras|Service/]: Initializing MixinExtras via com.llamalad7.mixinextras.service.MixinExtrasServiceImpl(version=0.4.1).
[08set2026 17:20:26.171] [pool-7-thread-1/DEBUG] [mixin/]: Registering new injector for @SugarWrapper with com.llamalad7.mixinextras.sugar.impl.SugarWrapperInjectionInfo
[08set2026 17:20:26.171] [pool-7-thread-1/DEBUG] [mixin/]: Registering new injector for @FactoryRedirectWrapper with com.llamalad7.mixinextras.wrapper.factory.FactoryRedirectWrapperInjectionInfo
[08set2026 17:20:26.187] [pool-7-thread-1/DEBUG] [mixin/]: Mixing MappedRegistryAccessor from neoforge.mixins.json into net.minecraft.core.MappedRegistry
[08set2026 17:20:26.189] [pool-7-thread-1/DEBUG] [mixin/]: neoforge.mixins.json:MappedRegistryAccessor from mod neoforge: Class version 65 required is higher than the class version supported by the current version of Mixin (JAVA_16 supports class version 60)
[08set2026 17:20:27.115] [Datafixer Bootstrap/INFO] [com.mojang.datafixers.DataFixerBuilder/]: 229 Datafixer optimizations took 1764 milliseconds
[08set2026 17:20:27.599] [pool-7-thread-1/DEBUG] [mixin/]: Mixing BlockEntityTypeAccessor from neoforge.mixins.json into net.minecraft.world.level.block.entity.BlockEntityType
[08set2026 17:20:27.601] [pool-7-thread-1/DEBUG] [mixin/]: neoforge.mixins.json:BlockEntityTypeAccessor from mod neoforge: Class version 65 required is higher than the class version supported by the current version of Mixin (JAVA_16 supports class version 60)
[08set2026 17:20:29.544] [pool-7-thread-1/DEBUG] [io.netty.util.internal.PlatformDependent0/]: -Dio.netty.noUnsafe: false
[08set2026 17:20:29.544] [pool-7-thread-1/DEBUG] [io.netty.util.internal.PlatformDependent0/]: Java version: 21
[08set2026 17:20:29.546] [pool-7-thread-1/DEBUG] [io.netty.util.internal.PlatformDependent0/]: sun.misc.Unsafe.theUnsafe: available
[08set2026 17:20:29.547] [pool-7-thread-1/DEBUG] [io.netty.util.internal.PlatformDependent0/]: sun.misc.Unsafe.copyMemory: available
[08set2026 17:20:29.547] [pool-7-thread-1/DEBUG] [io.netty.util.internal.PlatformDependent0/]: sun.misc.Unsafe.storeFence: available
[08set2026 17:20:29.547] [pool-7-thread-1/DEBUG] [io.netty.util.internal.PlatformDependent0/]: java.nio.Buffer.address: available
[08set2026 17:20:29.549] [pool-7-thread-1/DEBUG] [io.netty.util.internal.PlatformDependent0/]: direct buffer constructor: unavailable: Reflective setAccessible(true) disabled
[08set2026 17:20:29.550] [pool-7-thread-1/DEBUG] [io.netty.util.internal.PlatformDependent0/]: java.nio.Bits.unaligned: available, true
[08set2026 17:20:29.551] [pool-7-thread-1/DEBUG] [io.netty.util.internal.PlatformDependent0/]: jdk.internal.misc.Unsafe.allocateUninitializedArray(int): unavailable: class io.netty.util.internal.PlatformDependent0$7 (in module io.netty.common) cannot access class jdk.internal.misc.Unsafe (in module java.base) because module java.base does not export jdk.internal.misc to module io.netty.common
[08set2026 17:20:29.552] [pool-7-thread-1/DEBUG] [io.netty.util.internal.PlatformDependent0/]: java.nio.DirectByteBuffer.<init>(long, {int,long}): unavailable
[08set2026 17:20:29.553] [pool-7-thread-1/DEBUG] [io.netty.util.internal.PlatformDependent/]: sun.misc.Unsafe: available
[08set2026 17:20:29.554] [pool-7-thread-1/DEBUG] [io.netty.util.internal.PlatformDependent/]: maxDirectMemory: 8422162432 bytes (maybe)
[08set2026 17:20:29.554] [pool-7-thread-1/DEBUG] [io.netty.util.internal.PlatformDependent/]: -Dio.netty.tmpdir: C:\Users\danie\AppData\Local\Temp (java.io.tmpdir)
[08set2026 17:20:29.554] [pool-7-thread-1/DEBUG] [io.netty.util.internal.PlatformDependent/]: -Dio.netty.bitMode: 64 (sun.arch.data.model)
[08set2026 17:20:29.554] [pool-7-thread-1/DEBUG] [io.netty.util.internal.PlatformDependent/]: Platform: Windows
[08set2026 17:20:29.554] [pool-7-thread-1/DEBUG] [io.netty.util.internal.PlatformDependent/]: -Dio.netty.maxDirectMemory: -1 bytes
[08set2026 17:20:29.554] [pool-7-thread-1/DEBUG] [io.netty.util.internal.PlatformDependent/]: -Dio.netty.uninitializedArrayAllocationThreshold: -1
[08set2026 17:20:29.557] [pool-7-thread-1/DEBUG] [io.netty.util.internal.CleanerJava9/]: java.nio.ByteBuffer.cleaner(): available
[08set2026 17:20:29.557] [pool-7-thread-1/DEBUG] [io.netty.util.internal.PlatformDependent/]: -Dio.netty.noPreferDirect: false
[08set2026 17:20:33.070] [main/WARN] [net.minecraft.commands.Commands/]: Ambiguity between arguments [teleport, location] and [teleport, destination] with inputs: [0.1 -0.5 .9, 0 0 0]
[08set2026 17:20:33.073] [main/WARN] [net.minecraft.commands.Commands/]: Ambiguity between arguments [teleport, location] and [teleport, targets] with inputs: [0.1 -0.5 .9, 0 0 0]
[08set2026 17:20:33.075] [main/WARN] [net.minecraft.commands.Commands/]: Ambiguity between arguments [teleport, destination] and [teleport, targets] with inputs: [Player, 0123, @e, dd12be42-52a9-4a91-a8a1-11c01849e498]
[08set2026 17:20:33.077] [main/WARN] [net.minecraft.commands.Commands/]: Ambiguity between arguments [teleport, targets] and [teleport, destination] with inputs: [Player, 0123, dd12be42-52a9-4a91-a8a1-11c01849e498]
[08set2026 17:20:33.078] [main/WARN] [net.minecraft.commands.Commands/]: Ambiguity between arguments [teleport, targets, location] and [teleport, targets, destination] with inputs: [0.1 -0.5 .9, 0 0 0]
[08set2026 17:20:33.243] [Render thread/WARN] [net.minecraft.server.packs.VanillaPackResourcesBuilder/]: Assets URL 'union:/C:/Users/danie/MCreatorWorkspaces/extraindeco/build/moddev/artifacts/neoforge-21.1.65-minecraft-merged.jar%23183!/assets/.mcassetsroot' uses unexpected schema
[08set2026 17:20:33.243] [Render thread/WARN] [net.minecraft.server.packs.VanillaPackResourcesBuilder/]: Assets URL 'union:/C:/Users/danie/MCreatorWorkspaces/extraindeco/build/moddev/artifacts/neoforge-21.1.65-minecraft-merged.jar%23183!/data/.mcassetsroot' uses unexpected schema
[08set2026 17:20:33.273] [Render thread/INFO] [com.mojang.authlib.yggdrasil.YggdrasilAuthenticationService/]: Environment: Environment[sessionHost=https://sessionserver.mojang.com, servicesHost=https://api.minecraftservices.com, name=PROD]
[08set2026 17:20:33.282] [Render thread/INFO] [net.minecraft.client.Minecraft/]: Setting user: Dev
[08set2026 17:20:33.390] [Render thread/INFO] [net.minecraft.client.Minecraft/]: Backend library: LWJGL version 3.3.3+5
[08set2026 17:20:33.586] [Render thread/DEBUG] [net.neoforged.fml.ModWorkManager/LOADING]: Using 12 threads for parallel mod-loading
[08set2026 17:20:33.602] [Render thread/DEBUG] [net.neoforged.fml.javafmlmod.FMLModContainer/LOADING]: Creating FMLModContainer instance for [net.neoforged.neoforge.common.NeoForgeMod, net.neoforged.neoforge.client.ClientNeoForgeMod]
[08set2026 17:20:33.608] [Render thread/DEBUG] [net.neoforged.fml.javafmlmod.FMLModContainer/LOADING]: Creating FMLModContainer instance for [net.kconlac.extraindeco.ExtraindecoMod]
[08set2026 17:20:33.634] [modloading-worker-0/DEBUG] [net.neoforged.neoforge.internal.versions.neoforge.NeoForgeVersion/CORE]: Found NeoForge version 21.1.65
[08set2026 17:20:33.634] [modloading-worker-0/DEBUG] [net.neoforged.neoforge.internal.versions.neoforge.NeoForgeVersion/CORE]: Found FML version 4.0.24
[08set2026 17:20:33.634] [modloading-worker-0/INFO] [net.neoforged.neoforge.common.NeoForgeMod/NEOFORGE-MOD]: NeoForge mod loading, version 21.1.65, for MC 1.21.1
[08set2026 17:20:33.672] [modloading-worker-0/DEBUG] [net.neoforged.fml.config.ConfigTracker/CONFIG]: Config file neoforge-client.toml for neoforge tracking
[08set2026 17:20:33.672] [modloading-worker-0/DEBUG] [net.neoforged.fml.config.ConfigTracker/CONFIG]: Config file neoforge-server.toml for neoforge tracking
[08set2026 17:20:33.672] [modloading-worker-0/DEBUG] [net.neoforged.fml.config.ConfigTracker/CONFIG]: Config file neoforge-common.toml for neoforge tracking
[08set2026 17:20:33.754] [modloading-worker-0/DEBUG] [net.neoforged.fml.javafmlmod.AutomaticEventSubscriber/LOADING]: Attempting to inject @EventBusSubscriber classes into the eventbus for neoforge
[08set2026 17:20:33.759] [modloading-worker-0/DEBUG] [net.neoforged.fml.javafmlmod.AutomaticEventSubscriber/LOADING]: Auto-subscribing net.neoforged.neoforge.server.command.ConfigCommand to GAME
[08set2026 17:20:33.760] [modloading-worker-0/DEBUG] [net.neoforged.fml.javafmlmod.AutomaticEventSubscriber/LOADING]: Auto-subscribing net.neoforged.neoforge.network.filters.GenericPacketSplitter to MOD
[08set2026 17:20:33.786] [modloading-worker-0/DEBUG] [io.netty.buffer.AbstractByteBuf/]: -Dio.netty.buffer.checkAccessible: true
[08set2026 17:20:33.787] [modloading-worker-0/DEBUG] [io.netty.buffer.AbstractByteBuf/]: -Dio.netty.buffer.checkBounds: true
[08set2026 17:20:33.787] [modloading-worker-0/DEBUG] [io.netty.util.ResourceLeakDetectorFactory/]: Loaded default ResourceLeakDetector: io.netty.util.ResourceLeakDetector@1123f4f4
[08set2026 17:20:33.796] [modloading-worker-0/DEBUG] [io.netty.util.internal.InternalThreadLocalMap/]: -Dio.netty.threadLocalMap.stringBuilder.initialSize: 1024
[08set2026 17:20:33.797] [modloading-worker-0/DEBUG] [io.netty.util.internal.InternalThreadLocalMap/]: -Dio.netty.threadLocalMap.stringBuilder.maxSize: 4096
[08set2026 17:20:33.802] [modloading-worker-0/DEBUG] [io.netty.buffer.PooledByteBufAllocator/]: -Dio.netty.allocator.numHeapArenas: 24
[08set2026 17:20:33.802] [modloading-worker-0/DEBUG] [io.netty.buffer.PooledByteBufAllocator/]: -Dio.netty.allocator.numDirectArenas: 24
[08set2026 17:20:33.802] [modloading-worker-0/DEBUG] [io.netty.buffer.PooledByteBufAllocator/]: -Dio.netty.allocator.pageSize: 8192
[08set2026 17:20:33.802] [modloading-worker-0/DEBUG] [io.netty.buffer.PooledByteBufAllocator/]: -Dio.netty.allocator.maxOrder: 9
[08set2026 17:20:33.803] [modloading-worker-0/DEBUG] [io.netty.buffer.PooledByteBufAllocator/]: -Dio.netty.allocator.chunkSize: 4194304
[08set2026 17:20:33.803] [modloading-worker-0/DEBUG] [io.netty.buffer.PooledByteBufAllocator/]: -Dio.netty.allocator.smallCacheSize: 256
[08set2026 17:20:33.803] [modloading-worker-0/DEBUG] [io.netty.buffer.PooledByteBufAllocator/]: -Dio.netty.allocator.normalCacheSize: 64
[08set2026 17:20:33.803] [modloading-worker-0/DEBUG] [io.netty.buffer.PooledByteBufAllocator/]: -Dio.netty.allocator.maxCachedBufferCapacity: 32768
[08set2026 17:20:33.803] [modloading-worker-0/DEBUG] [io.netty.buffer.PooledByteBufAllocator/]: -Dio.netty.allocator.cacheTrimInterval: 8192
[08set2026 17:20:33.803] [modloading-worker-0/DEBUG] [io.netty.buffer.PooledByteBufAllocator/]: -Dio.netty.allocator.cacheTrimIntervalMillis: 0
[08set2026 17:20:33.803] [modloading-worker-0/DEBUG] [io.netty.buffer.PooledByteBufAllocator/]: -Dio.netty.allocator.useCacheForAllThreads: false
[08set2026 17:20:33.803] [modloading-worker-0/DEBUG] [io.netty.buffer.PooledByteBufAllocator/]: -Dio.netty.allocator.maxCachedByteBuffersPerChunk: 1023
[08set2026 17:20:33.814] [modloading-worker-0/DEBUG] [io.netty.buffer.ByteBufUtil/]: -Dio.netty.allocator.type: pooled
[08set2026 17:20:33.814] [modloading-worker-0/DEBUG] [io.netty.buffer.ByteBufUtil/]: -Dio.netty.threadLocalDirectBufferSize: 0
[08set2026 17:20:33.814] [modloading-worker-0/DEBUG] [io.netty.buffer.ByteBufUtil/]: -Dio.netty.maxThreadLocalCharBufferSize: 16384
[08set2026 17:20:33.825] [modloading-worker-0/DEBUG] [net.neoforged.fml.javafmlmod.AutomaticEventSubscriber/LOADING]: Auto-subscribing net.neoforged.neoforge.network.NetworkInitialization to MOD
[08set2026 17:20:33.827] [modloading-worker-0/DEBUG] [net.neoforged.fml.javafmlmod.AutomaticEventSubscriber/LOADING]: Auto-subscribing net.neoforged.neoforge.network.ConfigurationInitialization to MOD
[08set2026 17:20:33.830] [modloading-worker-0/DEBUG] [net.neoforged.fml.javafmlmod.AutomaticEventSubscriber/LOADING]: Auto-subscribing net.neoforged.neoforge.common.MonsterRoomHooks to GAME
[08set2026 17:20:33.832] [modloading-worker-0/DEBUG] [net.neoforged.fml.javafmlmod.AutomaticEventSubscriber/LOADING]: Auto-subscribing net.neoforged.neoforge.common.DeferredSpawnEggItem$CommonHandler to MOD
[08set2026 17:20:33.833] [modloading-worker-0/DEBUG] [net.neoforged.fml.javafmlmod.AutomaticEventSubscriber/LOADING]: Auto-subscribing net.neoforged.neoforge.common.DeferredSpawnEggItem$ColorRegisterHandler to MOD
[08set2026 17:20:33.835] [modloading-worker-0/DEBUG] [net.neoforged.fml.javafmlmod.AutomaticEventSubscriber/LOADING]: Auto-subscribing net.neoforged.neoforge.client.model.data.ModelDataManager to GAME
[08set2026 17:20:33.837] [modloading-worker-0/DEBUG] [net.neoforged.fml.javafmlmod.AutomaticEventSubscriber/LOADING]: Auto-subscribing net.neoforged.neoforge.client.ParticleBoundsDebugRenderer to GAME
[08set2026 17:20:33.840] [modloading-worker-0/DEBUG] [net.neoforged.fml.javafmlmod.AutomaticEventSubscriber/LOADING]: Auto-subscribing net.neoforged.neoforge.client.ClientHooks$ClientEvents to MOD
[08set2026 17:20:33.843] [modloading-worker-0/DEBUG] [net.neoforged.fml.javafmlmod.AutomaticEventSubscriber/LOADING]: Auto-subscribing net.neoforged.neoforge.client.BlockEntityRenderBoundsDebugRenderer to GAME
[08set2026 17:20:33.844] [modloading-worker-0/DEBUG] [net.neoforged.fml.javafmlmod.AutomaticEventSubscriber/LOADING]: Auto-subscribing net.neoforged.neoforge.attachment.AttachmentInternals to GAME
[08set2026 17:20:33.895] [modloading-worker-0/DEBUG] [net.neoforged.fml.javafmlmod.AutomaticEventSubscriber/LOADING]: Attempting to inject @EventBusSubscriber classes into the eventbus for extraindeco
[08set2026 17:20:33.895] [modloading-worker-0/DEBUG] [net.neoforged.fml.javafmlmod.AutomaticEventSubscriber/LOADING]: Auto-subscribing net.kconlac.extraindeco.entity.BenchSittingHandler to GAME
[08set2026 17:20:33.898] [modloading-worker-0/DEBUG] [net.neoforged.fml.javafmlmod.AutomaticEventSubscriber/LOADING]: Auto-subscribing net.kconlac.extraindeco.entity.ExtraindecoModEntities to MOD
[08set2026 17:20:33.898] [modloading-worker-0/DEBUG] [net.neoforged.fml.javafmlmod.AutomaticEventSubscriber/LOADING]: Auto-subscribing net.kconlac.extraindeco.entity.SeatEntityRenderers to MOD
[08set2026 17:20:34.192] [modloading-sync-worker/DEBUG] [net.neoforged.fml.config.ConfigTracker/CONFIG]: Loading configs type CLIENT
[08set2026 17:20:34.198] [modloading-sync-worker/DEBUG] [net.neoforged.neoforge.common.NeoForgeConfig/FORGEMOD]: Loaded NeoForge config file neoforge-client.toml
[08set2026 17:20:34.198] [modloading-sync-worker/DEBUG] [net.neoforged.fml.config.ConfigTracker/CONFIG]: Loaded TOML config file C:\Users\danie\MCreatorWorkspaces\extraindeco\run\config\neoforge-client.toml
[08set2026 17:20:34.205] [modloading-sync-worker/DEBUG] [net.neoforged.fml.config.ConfigTracker/CONFIG]: Watching TOML config file C:\Users\danie\MCreatorWorkspaces\extraindeco\run\config\neoforge-client.toml for changes
[08set2026 17:20:34.207] [modloading-sync-worker/DEBUG] [net.neoforged.fml.config.ConfigTracker/CONFIG]: Loading configs type COMMON
[08set2026 17:20:34.207] [modloading-sync-worker/DEBUG] [net.neoforged.neoforge.common.NeoForgeConfig/FORGEMOD]: Loaded NeoForge config file neoforge-common.toml
[08set2026 17:20:34.207] [modloading-sync-worker/DEBUG] [net.neoforged.fml.config.ConfigTracker/CONFIG]: Loaded TOML config file C:\Users\danie\MCreatorWorkspaces\extraindeco\run\config\neoforge-common.toml
[08set2026 17:20:34.208] [modloading-sync-worker/DEBUG] [net.neoforged.fml.config.ConfigTracker/CONFIG]: Watching TOML config file C:\Users\danie\MCreatorWorkspaces\extraindeco\run\config\neoforge-common.toml for changes
[08set2026 17:20:34.697] [Render thread/INFO] [net.neoforged.neoforge.gametest.GameTestHooks/]: Enabled Gametest Namespaces: []
[08set2026 17:20:34.949] [Render thread/INFO] [net.minecraft.server.packs.resources.ReloadableResourceManager/]: Reloading ResourceManager: vanilla, mod_resources, mod/neoforge, mod/extraindeco
[08set2026 17:20:35.055] [Worker-Main-6/INFO] [net.minecraft.client.gui.font.providers.UnihexProvider/]: Found unifont_all_no_pua-15.1.05.hex, loading
[08set2026 17:20:35.061] [Render thread/DEBUG] [net.neoforged.fml.DeferredWorkQueue/LOADING]: Dispatching synchronous work for work queue Common setup: 1 jobs
[08set2026 17:20:35.065] [Render thread/DEBUG] [net.neoforged.fml.DeferredWorkQueue/LOADING]: Synchronous work queue completed in 3.278 ms
[08set2026 17:20:35.180] [Worker-Main-9/INFO] [net.minecraft.client.gui.font.providers.UnihexProvider/]: Found unifont_jp_patch-15.1.05.hex, loading
[08set2026 17:20:36.647] [Worker-Main-5/WARN] [net.minecraft.client.resources.model.ModelManager/]: Missing textures in model extraindeco:shortscharfenbergcoupler#facing=north:
    minecraft:textures/atlas/blocks.png:extraindeco:block/
[08set2026 17:20:36.647] [Worker-Main-5/WARN] [net.minecraft.client.resources.model.ModelManager/]: Missing textures in model extraindeco:scharfenbergcoupler#facing=south:
    minecraft:textures/atlas/blocks.png:extraindeco:block/
[08set2026 17:20:36.647] [Worker-Main-5/WARN] [net.minecraft.client.resources.model.ModelManager/]: Missing textures in model extraindeco:scharfenbergcoupler#facing=north:
    minecraft:textures/atlas/blocks.png:extraindeco:block/
[08set2026 17:20:36.647] [Worker-Main-5/WARN] [net.minecraft.client.resources.model.ModelManager/]: Missing textures in model extraindeco:ticketmachine#facing=east:
    minecraft:textures/atlas/blocks.png:extraindeco:block/
[08set2026 17:20:36.647] [Worker-Main-5/WARN] [net.minecraft.client.resources.model.ModelManager/]: Missing textures in model extraindeco:scharfenbergcoupler#inventory:
    minecraft:textures/atlas/blocks.png:extraindeco:block/
[08set2026 17:20:36.647] [Worker-Main-5/WARN] [net.minecraft.client.resources.model.ModelManager/]: Missing textures in model extraindeco:ticketmachine#inventory:
    minecraft:textures/atlas/blocks.png:extraindeco:block/
[08set2026 17:20:36.647] [Worker-Main-5/WARN] [net.minecraft.client.resources.model.ModelManager/]: Missing textures in model extraindeco:ticketmachine#facing=north:
    minecraft:textures/atlas/blocks.png:extraindeco:block/
[08set2026 17:20:36.647] [Worker-Main-5/WARN] [net.minecraft.client.resources.model.ModelManager/]: Missing textures in model extraindeco:shortscharfenbergcoupler#facing=east:
    minecraft:textures/atlas/blocks.png:extraindeco:block/
[08set2026 17:20:36.647] [Worker-Main-5/WARN] [net.minecraft.client.resources.model.ModelManager/]: Missing textures in model extraindeco:shortscharfenbergcoupler#facing=west:
    minecraft:textures/atlas/blocks.png:extraindeco:block/
[08set2026 17:20:36.647] [Worker-Main-5/WARN] [net.minecraft.client.resources.model.ModelManager/]: Missing textures in model extraindeco:ticketmachine#facing=west:
    minecraft:textures/atlas/blocks.png:extraindeco:block/
[08set2026 17:20:36.647] [Worker-Main-5/WARN] [net.minecraft.client.resources.model.ModelManager/]: Missing textures in model extraindeco:shortscharfenbergcoupler#inventory:
    minecraft:textures/atlas/blocks.png:extraindeco:block/
[08set2026 17:20:36.647] [Worker-Main-5/WARN] [net.minecraft.client.resources.model.ModelManager/]: Missing textures in model extraindeco:ticketmachine#facing=south:
    minecraft:textures/atlas/blocks.png:extraindeco:block/
[08set2026 17:20:36.649] [Worker-Main-5/WARN] [net.minecraft.client.resources.model.ModelManager/]: Missing textures in model extraindeco:scharfenbergcoupler#facing=west:
    minecraft:textures/atlas/blocks.png:extraindeco:block/
[08set2026 17:20:36.649] [Worker-Main-5/WARN] [net.minecraft.client.resources.model.ModelManager/]: Missing textures in model extraindeco:shortscharfenbergcoupler#facing=south:
    minecraft:textures/atlas/blocks.png:extraindeco:block/
[08set2026 17:20:36.649] [Worker-Main-5/WARN] [net.minecraft.client.resources.model.ModelManager/]: Missing textures in model extraindeco:scharfenbergcoupler#facing=east:
    minecraft:textures/atlas/blocks.png:extraindeco:block/
[08set2026 17:20:36.863] [Render thread/WARN] [net.minecraft.client.sounds.SoundEngine/]: Missing sound for event: minecraft:item.goat_horn.play
[08set2026 17:20:36.863] [Render thread/WARN] [net.minecraft.client.sounds.SoundEngine/]: Missing sound for event: minecraft:entity.goat.screaming.horn_break
[08set2026 17:20:36.921] [Render thread/INFO] [com.mojang.blaze3d.audio.Library/]: OpenAL initialized on device OpenAL Soft on Headphones (High Definition Audio Device)
[08set2026 17:20:36.923] [Render thread/INFO] [net.minecraft.client.sounds.SoundEngine/SOUNDS]: Sound engine started
[08set2026 17:20:37.099] [Render thread/INFO] [net.minecraft.client.renderer.texture.TextureAtlas/]: Created: 1024x1024x2 minecraft:textures/atlas/blocks.png-atlas
[08set2026 17:20:37.107] [Render thread/INFO] [net.minecraft.client.renderer.texture.TextureAtlas/]: Created: 256x256x2 minecraft:textures/atlas/signs.png-atlas
[08set2026 17:20:37.107] [Render thread/INFO] [net.minecraft.client.renderer.texture.TextureAtlas/]: Created: 512x512x2 minecraft:textures/atlas/shield_patterns.png-atlas
[08set2026 17:20:37.107] [Render thread/INFO] [net.minecraft.client.renderer.texture.TextureAtlas/]: Created: 512x512x2 minecraft:textures/atlas/banner_patterns.png-atlas
[08set2026 17:20:37.109] [Render thread/INFO] [net.minecraft.client.renderer.texture.TextureAtlas/]: Created: 1024x1024x2 minecraft:textures/atlas/armor_trims.png-atlas
[08set2026 17:20:37.112] [Render thread/INFO] [net.minecraft.client.renderer.texture.TextureAtlas/]: Created: 128x64x2 minecraft:textures/atlas/decorated_pot.png-atlas
[08set2026 17:20:37.112] [Render thread/INFO] [net.minecraft.client.renderer.texture.TextureAtlas/]: Created: 256x256x2 minecraft:textures/atlas/chest.png-atlas
[08set2026 17:20:37.112] [Render thread/INFO] [net.minecraft.client.renderer.texture.TextureAtlas/]: Created: 512x256x2 minecraft:textures/atlas/beds.png-atlas
[08set2026 17:20:37.112] [Render thread/INFO] [net.minecraft.client.renderer.texture.TextureAtlas/]: Created: 512x256x2 minecraft:textures/atlas/shulker_boxes.png-atlas
[08set2026 17:20:37.245] [Render thread/INFO] [net.minecraft.client.renderer.texture.TextureAtlas/]: Created: 512x256x0 minecraft:textures/atlas/particles.png-atlas
[08set2026 17:20:37.247] [Render thread/INFO] [net.minecraft.client.renderer.texture.TextureAtlas/]: Created: 512x256x0 minecraft:textures/atlas/paintings.png-atlas
[08set2026 17:20:37.247] [Render thread/INFO] [net.minecraft.client.renderer.texture.TextureAtlas/]: Created: 256x128x0 minecraft:textures/atlas/mob_effects.png-atlas
[08set2026 17:20:37.247] [Render thread/INFO] [net.minecraft.client.renderer.texture.TextureAtlas/]: Created: 64x64x0 minecraft:textures/atlas/map_decorations.png-atlas
[08set2026 17:20:37.248] [Render thread/INFO] [net.minecraft.client.renderer.texture.TextureAtlas/]: Created: 1024x512x0 minecraft:textures/atlas/gui.png-atlas
[08set2026 17:20:37.300] [Render thread/WARN] [net.minecraft.client.renderer.ShaderInstance/]: Shader rendertype_entity_translucent_emissive could not find sampler named Sampler2 in the specified shader program.
[08set2026 17:20:37.432] [Render thread/INFO] [net.neoforged.neoforge.client.entity.animation.json.AnimationLoader/]: Loaded 0 entity animations
[08set2026 17:20:45.476] [Render thread/ERROR] [net.minecraft.world.item.crafting.RecipeManager/]: Parsing error loading recipe extraindeco:signal_2recipe
com.google.gson.JsonParseException: Map entry 'a' : Failed to parse either. First: Not a json array: {"item":"create:placard"}; Second: No key tag in MapLike[{"item":"create:placard"}]; Unknown registry key in ResourceKey[minecraft:root / minecraft:item]: create:placard
	at MC-BOOTSTRAP/datafixerupper@8.0.16/com.mojang.serialization.DataResult$Error.getOrThrow(DataResult.java:287) ~[datafixerupper-8.0.16.jar%23114!/:?]
	at TRANSFORMER/minecraft@1.21.1/net.minecraft.world.item.crafting.RecipeManager.apply(RecipeManager.java:60) ~[neoforge-21.1.65-minecraft-merged.jar%23183!/:?]
	at TRANSFORMER/minecraft@1.21.1/net.minecraft.world.item.crafting.RecipeManager.apply(RecipeManager.java:36) ~[neoforge-21.1.65-minecraft-merged.jar%23183!/:?]
	at TRANSFORMER/minecraft@1.21.1/net.minecraft.server.packs.resources.SimplePreparableReloadListener.lambda$reload$1(SimplePreparableReloadListener.java:19) ~[neoforge-21.1.65-minecraft-merged.jar%23183!/:?]
	at java.base/java.util.concurrent.CompletableFuture$UniAccept.tryFire(CompletableFuture.java:718) ~[?:?]
	at java.base/java.util.concurrent.CompletableFuture$Completion.run(CompletableFuture.java:482) ~[?:?]
	at TRANSFORMER/minecraft@1.21.1/net.minecraft.server.packs.resources.SimpleReloadInstance.lambda$new$3(SimpleReloadInstance.java:86) ~[neoforge-21.1.65-minecraft-merged.jar%23183!/:?]
	at TRANSFORMER/minecraft@1.21.1/net.minecraft.util.thread.BlockableEventLoop.doRunTask(BlockableEventLoop.java:148) ~[neoforge-21.1.65-minecraft-merged.jar%23183!/:?]
	at TRANSFORMER/minecraft@1.21.1/net.minecraft.util.thread.ReentrantBlockableEventLoop.doRunTask(ReentrantBlockableEventLoop.java:24) ~[neoforge-21.1.65-minecraft-merged.jar%23183!/:?]
	at TRANSFORMER/minecraft@1.21.1/net.minecraft.util.thread.BlockableEventLoop.pollTask(BlockableEventLoop.java:122) ~[neoforge-21.1.65-minecraft-merged.jar%23183!/:?]
	at TRANSFORMER/minecraft@1.21.1/net.minecraft.util.thread.BlockableEventLoop.managedBlock(BlockableEventLoop.java:132) ~[neoforge-21.1.65-minecraft-merged.jar%23183!/:?]
	at TRANSFORMER/minecraft@1.21.1/net.minecraft.client.gui.screens.worldselection.WorldOpenFlows.loadWorldDataBlocking(WorldOpenFlows.java:201) ~[neoforge-21.1.65-minecraft-merged.jar%23183!/:?]
	at TRANSFORMER/minecraft@1.21.1/net.minecraft.client.gui.screens.worldselection.WorldOpenFlows.loadWorldStem(WorldOpenFlows.java:142) ~[neoforge-21.1.65-minecraft-merged.jar%23183!/:?]
	at TRANSFORMER/minecraft@1.21.1/net.minecraft.client.gui.screens.worldselection.WorldOpenFlows.openWorldLoadLevelStem(WorldOpenFlows.java:345) ~[neoforge-21.1.65-minecraft-merged.jar%23183!/:?]
	at TRANSFORMER/minecraft@1.21.1/net.minecraft.client.gui.screens.worldselection.WorldOpenFlows.openWorldCheckVersionCompatibility(WorldOpenFlows.java:334) ~[neoforge-21.1.65-minecraft-merged.jar%23183!/:?]
	at TRANSFORMER/minecraft@1.21.1/net.minecraft.client.gui.screens.worldselection.WorldOpenFlows.openWorldLoadLevelData(WorldOpenFlows.java:296) ~[neoforge-21.1.65-minecraft-merged.jar%23183!/:?]
	at TRANSFORMER/minecraft@1.21.1/net.minecraft.client.gui.screens.worldselection.WorldOpenFlows.openWorld(WorldOpenFlows.java:261) ~[neoforge-21.1.65-minecraft-merged.jar%23183!/:?]
	at TRANSFORMER/minecraft@1.21.1/net.minecraft.client.gui.screens.worldselection.WorldSelectionList$WorldListEntry.joinWorld(WorldSelectionList.java:498) ~[neoforge-21.1.65-minecraft-merged.jar%23183!/:?]
	at TRANSFORMER/minecraft@1.21.1/net.minecraft.client.gui.screens.worldselection.WorldSelectionList$WorldListEntry.mouseClicked(WorldSelectionList.java:481) ~[neoforge-21.1.65-minecraft-merged.jar%23183!/:?]
	at TRANSFORMER/minecraft@1.21.1/net.minecraft.client.gui.components.AbstractSelectionList.mouseClicked(AbstractSelectionList.java:303) ~[neoforge-21.1.65-minecraft-merged.jar%23183!/:?]
	at TRANSFORMER/minecraft@1.21.1/net.minecraft.client.gui.components.events.ContainerEventHandler.mouseClicked(ContainerEventHandler.java:40) ~[neoforge-21.1.65-minecraft-merged.jar%23183!/:?]
	at TRANSFORMER/minecraft@1.21.1/net.minecraft.client.MouseHandler.lambda$onPress$0(MouseHandler.java:98) ~[neoforge-21.1.65-minecraft-merged.jar%23183!/:?]
	at TRANSFORMER/minecraft@1.21.1/net.minecraft.client.gui.screens.Screen.wrapScreenError(Screen.java:449) ~[neoforge-21.1.65-minecraft-merged.jar%23183!/:?]
	at TRANSFORMER/minecraft@1.21.1/net.minecraft.client.MouseHandler.onPress(MouseHandler.java:95) ~[neoforge-21.1.65-minecraft-merged.jar%23183!/:?]
	at TRANSFORMER/minecraft@1.21.1/net.minecraft.client.MouseHandler.lambda$setup$4(MouseHandler.java:202) ~[neoforge-21.1.65-minecraft-merged.jar%23183!/:?]
	at TRANSFORMER/minecraft@1.21.1/net.minecraft.util.thread.BlockableEventLoop.execute(BlockableEventLoop.java:98) ~[neoforge-21.1.65-minecraft-merged.jar%23183!/:?]
	at TRANSFORMER/minecraft@1.21.1/net.minecraft.client.MouseHandler.lambda$setup$5(MouseHandler.java:202) ~[neoforge-21.1.65-minecraft-merged.jar%23183!/:?]
	at MC-BOOTSTRAP/org.lwjgl.glfw@3.3.3+5/org.lwjgl.glfw.GLFWMouseButtonCallbackI.callback(GLFWMouseButtonCallbackI.java:43) ~[lwjgl-glfw-3.3.3.jar%23166!/:build 5]
	at MC-BOOTSTRAP/org.lwjgl@3.3.3+5/org.lwjgl.system.JNI.invokeV(Native Method) ~[lwjgl-3.3.3.jar%23177!/:build 5]
	at MC-BOOTSTRAP/org.lwjgl.glfw@3.3.3+5/org.lwjgl.glfw.GLFW.glfwWaitEventsTimeout(GLFW.java:3509) ~[lwjgl-glfw-3.3.3.jar%23166!/:build 5]
	at TRANSFORMER/minecraft@1.21.1/com.mojang.blaze3d.systems.RenderSystem.limitDisplayFPS(RenderSystem.java:162) ~[neoforge-21.1.65-minecraft-merged.jar%23183!/:?]
	at TRANSFORMER/minecraft@1.21.1/net.minecraft.client.Minecraft.runTick(Minecraft.java:1220) ~[neoforge-21.1.65-minecraft-merged.jar%23183!/:?]
	at TRANSFORMER/minecraft@1.21.1/net.minecraft.client.Minecraft.run(Minecraft.java:807) ~[neoforge-21.1.65-minecraft-merged.jar%23183!/:?]
	at TRANSFORMER/minecraft@1.21.1/net.minecraft.client.main.Main.main(Main.java:230) ~[neoforge-21.1.65-minecraft-merged.jar%23183!/:?]
	at java.base/jdk.internal.reflect.DirectMethodHandleAccessor.invoke(DirectMethodHandleAccessor.java:103) ~[?:?]
	at java.base/java.lang.reflect.Method.invoke(Method.java:580) ~[?:?]
	at MC-BOOTSTRAP/fml_loader@4.0.24/net.neoforged.fml.loading.targets.CommonLaunchHandler.runTarget(CommonLaunchHandler.java:136) ~[loader-4.0.24.jar%23139!/:4.0]
	at MC-BOOTSTRAP/fml_loader@4.0.24/net.neoforged.fml.loading.targets.CommonLaunchHandler.clientService(CommonLaunchHandler.java:124) ~[loader-4.0.24.jar%23139!/:4.0]
	at MC-BOOTSTRAP/fml_loader@4.0.24/net.neoforged.fml.loading.targets.NeoForgeClientUserdevLaunchHandler.runService(NeoForgeClientUserdevLaunchHandler.java:23) ~[loader-4.0.24.jar%23139!/:4.0]
	at MC-BOOTSTRAP/fml_loader@4.0.24/net.neoforged.fml.loading.targets.CommonLaunchHandler.lambda$launchService$4(CommonLaunchHandler.java:118) ~[loader-4.0.24.jar%23139!/:4.0]
	at MC-BOOTSTRAP/cpw.mods.modlauncher@11.0.4/cpw.mods.modlauncher.LaunchServiceHandlerDecorator.launch(LaunchServiceHandlerDecorator.java:30) [modlauncher-11.0.4.jar%23121!/:?]
	at MC-BOOTSTRAP/cpw.mods.modlauncher@11.0.4/cpw.mods.modlauncher.LaunchServiceHandler.launch(LaunchServiceHandler.java:53) [modlauncher-11.0.4.jar%23121!/:?]
	at MC-BOOTSTRAP/cpw.mods.modlauncher@11.0.4/cpw.mods.modlauncher.LaunchServiceHandler.launch(LaunchServiceHandler.java:71) [modlauncher-11.0.4.jar%23121!/:?]
	at MC-BOOTSTRAP/cpw.mods.modlauncher@11.0.4/cpw.mods.modlauncher.Launcher.run(Launcher.java:103) [modlauncher-11.0.4.jar%23121!/:?]
	at MC-BOOTSTRAP/cpw.mods.modlauncher@11.0.4/cpw.mods.modlauncher.Launcher.main(Launcher.java:74) [modlauncher-11.0.4.jar%23121!/:?]
	at MC-BOOTSTRAP/cpw.mods.modlauncher@11.0.4/cpw.mods.modlauncher.BootstrapLaunchConsumer.accept(BootstrapLaunchConsumer.java:26) [modlauncher-11.0.4.jar%23121!/:?]
	at MC-BOOTSTRAP/cpw.mods.modlauncher@11.0.4/cpw.mods.modlauncher.BootstrapLaunchConsumer.accept(BootstrapLaunchConsumer.java:23) [modlauncher-11.0.4.jar%23121!/:?]
	at cpw.mods.bootstraplauncher@2.0.2/cpw.mods.bootstraplauncher.BootstrapLauncher.run(BootstrapLauncher.java:210) [bootstraplauncher-2.0.2.jar:?]
	at cpw.mods.bootstraplauncher@2.0.2/cpw.mods.bootstraplauncher.BootstrapLauncher.main(BootstrapLauncher.java:69) [bootstraplauncher-2.0.2.jar:?]
	at java.base/jdk.internal.reflect.DirectMethodHandleAccessor.invoke(DirectMethodHandleAccessor.java:103) ~[?:?]
	at java.base/java.lang.reflect.Method.invoke(Method.java:580) ~[?:?]
	at DevLaunch@1.0.1/net.neoforged.devlaunch.Main.main(Main.java:55) [DevLaunch-1.0.1.jar:?]
[08set2026 17:20:45.484] [Render thread/ERROR] [net.minecraft.world.item.crafting.RecipeManager/]: Parsing error loading recipe extraindeco:scharfenbergrecipe
com.google.gson.JsonParseException: Map entry 'a' : Failed to parse either. First: Not a json array: {"item":"create:andesite_alloy"}; Second: No key tag in MapLike[{"item":"create:andesite_alloy"}]; Unknown registry key in ResourceKey[minecraft:root / minecraft:item]: create:andesite_alloy
	at MC-BOOTSTRAP/datafixerupper@8.0.16/com.mojang.serialization.DataResult$Error.getOrThrow(DataResult.java:287) ~[datafixerupper-8.0.16.jar%23114!/:?]
	at TRANSFORMER/minecraft@1.21.1/net.minecraft.world.item.crafting.RecipeManager.apply(RecipeManager.java:60) ~[neoforge-21.1.65-minecraft-merged.jar%23183!/:?]
	at TRANSFORMER/minecraft@1.21.1/net.minecraft.world.item.crafting.RecipeManager.apply(RecipeManager.java:36) ~[neoforge-21.1.65-minecraft-merged.jar%23183!/:?]
	at TRANSFORMER/minecraft@1.21.1/net.minecraft.server.packs.resources.SimplePreparableReloadListener.lambda$reload$1(SimplePreparableReloadListener.java:19) ~[neoforge-21.1.65-minecraft-merged.jar%23183!/:?]
	at java.base/java.util.concurrent.CompletableFuture$UniAccept.tryFire(CompletableFuture.java:718) ~[?:?]
	at java.base/java.util.concurrent.CompletableFuture$Completion.run(CompletableFuture.java:482) ~[?:?]
	at TRANSFORMER/minecraft@1.21.1/net.minecraft.server.packs.resources.SimpleReloadInstance.lambda$new$3(SimpleReloadInstance.java:86) ~[neoforge-21.1.65-minecraft-merged.jar%23183!/:?]
	at TRANSFORMER/minecraft@1.21.1/net.minecraft.util.thread.BlockableEventLoop.doRunTask(BlockableEventLoop.java:148) ~[neoforge-21.1.65-minecraft-merged.jar%23183!/:?]
	at TRANSFORMER/minecraft@1.21.1/net.minecraft.util.thread.ReentrantBlockableEventLoop.doRunTask(ReentrantBlockableEventLoop.java:24) ~[neoforge-21.1.65-minecraft-merged.jar%23183!/:?]
	at TRANSFORMER/minecraft@1.21.1/net.minecraft.util.thread.BlockableEventLoop.pollTask(BlockableEventLoop.java:122) ~[neoforge-21.1.65-minecraft-merged.jar%23183!/:?]
	at TRANSFORMER/minecraft@1.21.1/net.minecraft.util.thread.BlockableEventLoop.managedBlock(BlockableEventLoop.java:132) ~[neoforge-21.1.65-minecraft-merged.jar%23183!/:?]
	at TRANSFORMER/minecraft@1.21.1/net.minecraft.client.gui.screens.worldselection.WorldOpenFlows.loadWorldDataBlocking(WorldOpenFlows.java:201) ~[neoforge-21.1.65-minecraft-merged.jar%23183!/:?]
	at TRANSFORMER/minecraft@1.21.1/net.minecraft.client.gui.screens.worldselection.WorldOpenFlows.loadWorldStem(WorldOpenFlows.java:142) ~[neoforge-21.1.65-minecraft-merged.jar%23183!/:?]
	at TRANSFORMER/minecraft@1.21.1/net.minecraft.client.gui.screens.worldselection.WorldOpenFlows.openWorldLoadLevelStem(WorldOpenFlows.java:345) ~[neoforge-21.1.65-minecraft-merged.jar%23183!/:?]
	at TRANSFORMER/minecraft@1.21.1/net.minecraft.client.gui.screens.worldselection.WorldOpenFlows.openWorldCheckVersionCompatibility(WorldOpenFlows.java:334) ~[neoforge-21.1.65-minecraft-merged.jar%23183!/:?]
	at TRANSFORMER/minecraft@1.21.1/net.minecraft.client.gui.screens.worldselection.WorldOpenFlows.openWorldLoadLevelData(WorldOpenFlows.java:296) ~[neoforge-21.1.65-minecraft-merged.jar%23183!/:?]
	at TRANSFORMER/minecraft@1.21.1/net.minecraft.client.gui.screens.worldselection.WorldOpenFlows.openWorld(WorldOpenFlows.java:261) ~[neoforge-21.1.65-minecraft-merged.jar%23183!/:?]
	at TRANSFORMER/minecraft@1.21.1/net.minecraft.client.gui.screens.worldselection.WorldSelectionList$WorldListEntry.joinWorld(WorldSelectionList.java:498) ~[neoforge-21.1.65-minecraft-merged.jar%23183!/:?]
	at TRANSFORMER/minecraft@1.21.1/net.minecraft.client.gui.screens.worldselection.WorldSelectionList$WorldListEntry.mouseClicked(WorldSelectionList.java:481) ~[neoforge-21.1.65-minecraft-merged.jar%23183!/:?]
	at TRANSFORMER/minecraft@1.21.1/net.minecraft.client.gui.components.AbstractSelectionList.mouseClicked(AbstractSelectionList.java:303) ~[neoforge-21.1.65-minecraft-merged.jar%23183!/:?]
	at TRANSFORMER/minecraft@1.21.1/net.minecraft.client.gui.components.events.ContainerEventHandler.mouseClicked(ContainerEventHandler.java:40) ~[neoforge-21.1.65-minecraft-merged.jar%23183!/:?]
	at TRANSFORMER/minecraft@1.21.1/net.minecraft.client.MouseHandler.lambda$onPress$0(MouseHandler.java:98) ~[neoforge-21.1.65-minecraft-merged.jar%23183!/:?]
	at TRANSFORMER/minecraft@1.21.1/net.minecraft.client.gui.screens.Screen.wrapScreenError(Screen.java:449) ~[neoforge-21.1.65-minecraft-merged.jar%23183!/:?]
	at TRANSFORMER/minecraft@1.21.1/net.minecraft.client.MouseHandler.onPress(MouseHandler.java:95) ~[neoforge-21.1.65-minecraft-merged.jar%23183!/:?]
	at TRANSFORMER/minecraft@1.21.1/net.minecraft.client.MouseHandler.lambda$setup$4(MouseHandler.java:202) ~[neoforge-21.1.65-minecraft-merged.jar%23183!/:?]
	at TRANSFORMER/minecraft@1.21.1/net.minecraft.util.thread.BlockableEventLoop.execute(BlockableEventLoop.java:98) ~[neoforge-21.1.65-minecraft-merged.jar%23183!/:?]
	at TRANSFORMER/minecraft@1.21.1/net.minecraft.client.MouseHandler.lambda$setup$5(MouseHandler.java:202) ~[neoforge-21.1.65-minecraft-merged.jar%23183!/:?]
	at MC-BOOTSTRAP/org.lwjgl.glfw@3.3.3+5/org.lwjgl.glfw.GLFWMouseButtonCallbackI.callback(GLFWMouseButtonCallbackI.java:43) ~[lwjgl-glfw-3.3.3.jar%23166!/:build 5]
	at MC-BOOTSTRAP/org.lwjgl@3.3.3+5/org.lwjgl.system.JNI.invokeV(Native Method) ~[lwjgl-3.3.3.jar%23177!/:build 5]
	at MC-BOOTSTRAP/org.lwjgl.glfw@3.3.3+5/org.lwjgl.glfw.GLFW.glfwWaitEventsTimeout(GLFW.java:3509) ~[lwjgl-glfw-3.3.3.jar%23166!/:build 5]
	at TRANSFORMER/minecraft@1.21.1/com.mojang.blaze3d.systems.RenderSystem.limitDisplayFPS(RenderSystem.java:162) ~[neoforge-21.1.65-minecraft-merged.jar%23183!/:?]
	at TRANSFORMER/minecraft@1.21.1/net.minecraft.client.Minecraft.runTick(Minecraft.java:1220) ~[neoforge-21.1.65-minecraft-merged.jar%23183!/:?]
	at TRANSFORMER/minecraft@1.21.1/net.minecraft.client.Minecraft.run(Minecraft.java:807) ~[neoforge-21.1.65-minecraft-merged.jar%23183!/:?]
	at TRANSFORMER/minecraft@1.21.1/net.minecraft.client.main.Main.main(Main.java:230) ~[neoforge-21.1.65-minecraft-merged.jar%23183!/:?]
	at java.base/jdk.internal.reflect.DirectMethodHandleAccessor.invoke(DirectMethodHandleAccessor.java:103) ~[?:?]
	at java.base/java.lang.reflect.Method.invoke(Method.java:580) ~[?:?]
	at MC-BOOTSTRAP/fml_loader@4.0.24/net.neoforged.fml.loading.targets.CommonLaunchHandler.runTarget(CommonLaunchHandler.java:136) ~[loader-4.0.24.jar%23139!/:4.0]
	at MC-BOOTSTRAP/fml_loader@4.0.24/net.neoforged.fml.loading.targets.CommonLaunchHandler.clientService(CommonLaunchHandler.java:124) ~[loader-4.0.24.jar%23139!/:4.0]
	at MC-BOOTSTRAP/fml_loader@4.0.24/net.neoforged.fml.loading.targets.NeoForgeClientUserdevLaunchHandler.runService(NeoForgeClientUserdevLaunchHandler.java:23) ~[loader-4.0.24.jar%23139!/:4.0]
	at MC-BOOTSTRAP/fml_loader@4.0.24/net.neoforged.fml.loading.targets.CommonLaunchHandler.lambda$launchService$4(CommonLaunchHandler.java:118) ~[loader-4.0.24.jar%23139!/:4.0]
	at MC-BOOTSTRAP/cpw.mods.modlauncher@11.0.4/cpw.mods.modlauncher.LaunchServiceHandlerDecorator.launch(LaunchServiceHandlerDecorator.java:30) [modlauncher-11.0.4.jar%23121!/:?]
	at MC-BOOTSTRAP/cpw.mods.modlauncher@11.0.4/cpw.mods.modlauncher.LaunchServiceHandler.launch(LaunchServiceHandler.java:53) [modlauncher-11.0.4.jar%23121!/:?]
	at MC-BOOTSTRAP/cpw.mods.modlauncher@11.0.4/cpw.mods.modlauncher.LaunchServiceHandler.launch(LaunchServiceHandler.java:71) [modlauncher-11.0.4.jar%23121!/:?]
	at MC-BOOTSTRAP/cpw.mods.modlauncher@11.0.4/cpw.mods.modlauncher.Launcher.run(Launcher.java:103) [modlauncher-11.0.4.jar%23121!/:?]
	at MC-BOOTSTRAP/cpw.mods.modlauncher@11.0.4/cpw.mods.modlauncher.Launcher.main(Launcher.java:74) [modlauncher-11.0.4.jar%23121!/:?]
	at MC-BOOTSTRAP/cpw.mods.modlauncher@11.0.4/cpw.mods.modlauncher.BootstrapLaunchConsumer.accept(BootstrapLaunchConsumer.java:26) [modlauncher-11.0.4.jar%23121!/:?]
	at MC-BOOTSTRAP/cpw.mods.modlauncher@11.0.4/cpw.mods.modlauncher.BootstrapLaunchConsumer.accept(BootstrapLaunchConsumer.java:23) [modlauncher-11.0.4.jar%23121!/:?]
	at cpw.mods.bootstraplauncher@2.0.2/cpw.mods.bootstraplauncher.BootstrapLauncher.run(BootstrapLauncher.java:210) [bootstraplauncher-2.0.2.jar:?]
	at cpw.mods.bootstraplauncher@2.0.2/cpw.mods.bootstraplauncher.BootstrapLauncher.main(BootstrapLauncher.java:69) [bootstraplauncher-2.0.2.jar:?]
	at java.base/jdk.internal.reflect.DirectMethodHandleAccessor.invoke(DirectMethodHandleAccessor.java:103) ~[?:?]
	at java.base/java.lang.reflect.Method.invoke(Method.java:580) ~[?:?]
	at DevLaunch@1.0.1/net.neoforged.devlaunch.Main.main(Main.java:55) [DevLaunch-1.0.1.jar:?]
[08set2026 17:20:45.495] [Render thread/INFO] [net.minecraft.world.item.crafting.RecipeManager/]: Loaded 1337 recipes
[08set2026 17:20:45.650] [Render thread/INFO] [net.minecraft.advancements.AdvancementTree/]: Loaded 1399 advancements
[08set2026 17:20:46.092] [Render thread/DEBUG] [net.neoforged.neoforge.common.CommonHooks/WP]: Gathered mod list to write to world save New World
[08set2026 17:20:46.131] [Server thread/INFO] [net.minecraft.client.server.IntegratedServer/]: Starting integrated minecraft server version 1.21.1
[08set2026 17:20:46.131] [Server thread/INFO] [net.minecraft.server.MinecraftServer/]: Generating keypair
[08set2026 17:20:46.197] [Server thread/DEBUG] [net.neoforged.fml.config.ConfigTracker/CONFIG]: Loading configs type SERVER
[08set2026 17:20:46.199] [Server thread/DEBUG] [net.neoforged.neoforge.common.NeoForgeConfig/FORGEMOD]: Loaded NeoForge config file neoforge-server.toml
[08set2026 17:20:46.199] [Server thread/DEBUG] [net.neoforged.fml.config.ConfigTracker/CONFIG]: Loaded TOML config file C:\Users\danie\MCreatorWorkspaces\extraindeco\run\config\neoforge-server.toml
[08set2026 17:20:46.200] [Server thread/DEBUG] [net.neoforged.fml.config.ConfigTracker/CONFIG]: Watching TOML config file C:\Users\danie\MCreatorWorkspaces\extraindeco\run\config\neoforge-server.toml for changes
[08set2026 17:20:46.365] [Server thread/INFO] [net.minecraft.server.MinecraftServer/]: Preparing start region for dimension minecraft:overworld
[08set2026 17:20:46.551] [progressListener/INFO] [net.minecraft.server.level.progress.LoggerChunkProgressListener/]: Preparing spawn area: 0%
[08set2026 17:20:46.620] [Server thread/INFO] [net.neoforged.neoforge.server.permission.PermissionAPI/]: Successfully initialized permission handler neoforge:default_handler
[08set2026 17:20:46.635] [progressListener/INFO] [net.minecraft.server.level.progress.LoggerChunkProgressListener/]: Time elapsed: 257 ms
[08set2026 17:20:46.693] [Server thread/INFO] [net.minecraft.client.server.IntegratedServer/]: Changing view distance to 5, from 10
[08set2026 17:20:46.693] [Server thread/INFO] [net.minecraft.client.server.IntegratedServer/]: Changing simulation distance to 12, from 0
[08set2026 17:20:46.766] [Render thread/DEBUG] [io.netty.channel.MultithreadEventLoopGroup/]: -Dio.netty.eventLoopThreads: 24
[08set2026 17:20:46.778] [Render thread/DEBUG] [io.netty.util.concurrent.GlobalEventExecutor/]: -Dio.netty.globalEventExecutor.quietPeriodSeconds: 1
[08set2026 17:20:46.793] [Render thread/DEBUG] [io.netty.channel.nio.NioEventLoop/]: -Dio.netty.noKeySetOptimization: false
[08set2026 17:20:46.793] [Render thread/DEBUG] [io.netty.channel.nio.NioEventLoop/]: -Dio.netty.selectorAutoRebuildThreshold: 512
[08set2026 17:20:46.800] [Render thread/DEBUG] [io.netty.util.internal.PlatformDependent/]: org.jctools-core.MpscChunkedArrayQueue: available
[08set2026 17:20:46.847] [Render thread/DEBUG] [io.netty.channel.DefaultChannelId/]: -Dio.netty.processId: 37416 (auto-detected)
[08set2026 17:20:46.849] [Render thread/DEBUG] [io.netty.util.NetUtil/]: -Djava.net.preferIPv4Stack: false
[08set2026 17:20:46.849] [Render thread/DEBUG] [io.netty.util.NetUtil/]: -Djava.net.preferIPv6Addresses: system
[08set2026 17:20:46.851] [Render thread/DEBUG] [io.netty.util.NetUtilInitializations/]: Loopback interface: loopback_0 (Software Loopback Interface 1, 0:0:0:0:0:0:0:1)
[08set2026 17:20:46.851] [Render thread/DEBUG] [io.netty.util.NetUtil/]: Failed to get SOMAXCONN from sysctl and file \proc\sys\net\core\somaxconn. Default: 200
[08set2026 17:20:46.852] [Render thread/DEBUG] [io.netty.channel.DefaultChannelId/]: -Dio.netty.machineId: a8:a1:59:ff:fe:70:27:81 (auto-detected)
[08set2026 17:20:46.918] [Render thread/DEBUG] [io.netty.util.Recycler/]: -Dio.netty.recycler.maxCapacityPerThread: 4096
[08set2026 17:20:46.918] [Render thread/DEBUG] [io.netty.util.Recycler/]: -Dio.netty.recycler.ratio: 8
[08set2026 17:20:46.918] [Render thread/DEBUG] [io.netty.util.Recycler/]: -Dio.netty.recycler.chunkSize: 32
[08set2026 17:20:46.918] [Render thread/DEBUG] [io.netty.util.Recycler/]: -Dio.netty.recycler.blocking: false
[08set2026 17:20:46.918] [Render thread/DEBUG] [io.netty.util.Recycler/]: -Dio.netty.recycler.batchFastThreadLocalOnly: true
[08set2026 17:20:47.053] [Netty Server IO #1/DEBUG] [net.neoforged.neoforge.network.filters.NetworkFilters/]: Injected net.neoforged.neoforge.network.filters.GenericPacketSplitter@44da7308 into net.minecraft.network.Connection@8cf38fb
[08set2026 17:20:47.065] [Netty Local Client IO #0/DEBUG] [net.neoforged.neoforge.network.filters.NetworkFilters/]: Injected net.neoforged.neoforge.network.filters.GenericPacketSplitter@e4835f into net.minecraft.network.Connection@85b4b17
[08set2026 17:20:47.412] [Netty Server IO #1/DEBUG] [net.neoforged.neoforge.network.filters.NetworkFilters/]: Injected net.neoforged.neoforge.network.filters.GenericPacketSplitter@19e23fd4 into net.minecraft.network.Connection@8cf38fb
[08set2026 17:20:47.483] [Server thread/INFO] [net.minecraft.server.players.PlayerList/]: Dev[local:E:5e247a62] logged in with entity id 11 at (-4.5, -59.15, -40.5)
[08set2026 17:20:47.544] [Server thread/INFO] [net.minecraft.server.MinecraftServer/]: Dev joined the game
[08set2026 17:20:47.560] [Server thread/WARN] [net.minecraft.world.entity.EntityType/]: Skipping Entity with id 
[08set2026 17:20:47.705] [Render thread/INFO] [net.minecraft.advancements.AdvancementTree/]: Loaded 64 advancements
[08set2026 17:21:57.724] [Server thread/INFO] [net.minecraft.client.server.IntegratedServer/]: Saving and pausing game...
[08set2026 17:21:57.746] [Server thread/INFO] [net.minecraft.server.MinecraftServer/]: Saving chunks for level 'ServerLevel[New World]'/minecraft:overworld
[08set2026 17:21:57.766] [Server thread/INFO] [net.minecraft.server.MinecraftServer/]: Saving chunks for level 'ServerLevel[New World]'/minecraft:the_nether
[08set2026 17:21:57.777] [Server thread/INFO] [net.minecraft.server.MinecraftServer/]: Saving chunks for level 'ServerLevel[New World]'/minecraft:the_end
[08set2026 17:21:57.790] [Server thread/DEBUG] [net.neoforged.neoforge.common.CommonHooks/WP]: Gathered mod list to write to world save New World
[08set2026 17:22:02.478] [Server thread/INFO] [net.minecraft.server.network.ServerGamePacketListenerImpl/]: Dev lost connection: Disconnected
[08set2026 17:22:02.478] [Server thread/INFO] [net.minecraft.server.MinecraftServer/]: Dev left the game
[08set2026 17:22:02.492] [Server thread/INFO] [net.minecraft.server.network.ServerCommonPacketListenerImpl/]: Stopping singleplayer server as player logged out
[08set2026 17:22:02.526] [Server thread/INFO] [net.minecraft.server.MinecraftServer/]: Stopping server
[08set2026 17:22:02.526] [Server thread/INFO] [net.minecraft.server.MinecraftServer/]: Saving players
[08set2026 17:22:02.526] [Server thread/INFO] [net.minecraft.server.MinecraftServer/]: Saving worlds
[08set2026 17:22:02.606] [Server thread/INFO] [net.minecraft.server.MinecraftServer/]: Saving chunks for level 'ServerLevel[New World]'/minecraft:overworld
[08set2026 17:22:02.642] [Server thread/INFO] [net.minecraft.server.MinecraftServer/]: Saving chunks for level 'ServerLevel[New World]'/minecraft:the_nether
[08set2026 17:22:02.649] [Server thread/INFO] [net.minecraft.server.MinecraftServer/]: Saving chunks for level 'ServerLevel[New World]'/minecraft:the_end
[08set2026 17:22:02.656] [Server thread/DEBUG] [net.neoforged.neoforge.common.CommonHooks/WP]: Gathered mod list to write to world save New World
[08set2026 17:22:02.662] [Server thread/INFO] [net.minecraft.server.MinecraftServer/]: ThreadedAnvilChunkStorage (New World): All chunks are saved
[08set2026 17:22:02.662] [Server thread/INFO] [net.minecraft.server.MinecraftServer/]: ThreadedAnvilChunkStorage (DIM-1): All chunks are saved
[08set2026 17:22:02.662] [Server thread/INFO] [net.minecraft.server.MinecraftServer/]: ThreadedAnvilChunkStorage (DIM1): All chunks are saved
[08set2026 17:22:02.662] [Server thread/INFO] [net.minecraft.server.MinecraftServer/]: ThreadedAnvilChunkStorage: All dimensions are saved
[08set2026 17:22:02.709] [Server thread/DEBUG] [net.neoforged.fml.config.ConfigTracker/CONFIG]: Unloading configs type SERVER
[08set2026 17:22:03.750] [Render thread/INFO] [net.minecraft.client.Minecraft/]: Stopping!
